vehicle_id,vehicle_type,gps_lat,gps_long,current_speed_kmph,lane,source,destination,priority_level,fuel_type
V000001,Car,12.985529,77.622209,25.2,4,J0001,J0013,Normal,CNG
V000002,Bike,12.978982,77.612191,30.3,4,J0020,J0018,Normal,Petrol
V000003,Bike,12.969874,77.592519,30.9,4,J0021,J0014,Normal,Petrol
V000004,Car,13.009002,77.610212,24.9,4,J0007,J0015,Normal,Petrol
V000005,Ambulance,12.891618,77.677009,20.1,1,J0009,J0027,Emergency,Diesel
V000006,Bike,12.961667,77.576839,34.6,1,J0012,J0008,Normal,Electric
V000007,Ambulance,12.95515,77.575896,41.6,2,J0027,J0001,Emergency,Diesel
V000008,Bus,13.006214,77.628283,36.1,3,J0019,J0007,Normal,CNG
V000009,Car,12.982155,77.638629,23.1,2,J0024,J0023,Normal,Electric
V000010,Car,12.978952,77.570281,23.8,4,J0030,J0010,Normal,Petrol
V000011,Bike,12.996279,77.606872,28.1,2,J0019,J0023,Normal,Petrol
V000012,Bike,13.011152,77.577329,42.5,1,J0020,J0026,Normal,Petrol
V000013,Bus,12.998816,77.599969,21.3,1,J0003,J0017,Normal,CNG
V000014,Bike,13.002268,77.543489,32.8,4,J0014,J0012,Normal,Petrol
V000015,Bus,12.964943,77.631434,36.7,4,J0017,J0021,Normal,Diesel
V000016,Bike,12.917973,77.65651,27.3,1,J0009,J0011,Normal,Petrol
V000017,Bus,12.938784,77.640202,27.5,4,J0015,J0019,Normal,Diesel
V000018,Truck,13.012101,77.610245,40.6,3,J0006,J0016,Normal,Diesel
V000019,Bike,12.968743,77.642995,19.2,2,J0029,J0009,Normal,Petrol
V000020,Bike,12.985357,77.619168,29.5,4,J0018,J0025,Normal,Petrol
V000021,Truck,12.977392,77.570852,35.6,2,J0003,J0010,Normal,Diesel
V000022,Bike,12.921812,77.659519,33.6,3,J0018,J0017,Normal,Petrol
V000023,Bus,12.968354,77.619488,37.2,2,J0009,J0008,Normal,Diesel
V000024,Bike,12.941519,77.63976,33.1,4,J0023,J0006,Normal,Petrol
V000025,Bike,12.943044,77.642114,33.7,1,J0017,J0020,Normal,Electric
V000026,Car,12.998412,77.595042,43.4,2,J0006,J0010,Normal,Petrol
V000027,Fire Truck,13.03152,77.61339,24.3,2,J0010,J0023,Emergency,Diesel
V000028,Bike,12.998674,77.544869,25.6,4,J0028,J0001,Normal,Petrol
V000029,Car,12.959308,77.571166,38.9,1,J0009,J0028,Normal,Petrol
V000030,Car,12.979698,77.598954,15.9,3,J0022,J0002,Normal,Petrol
V000031,Car,13.033054,77.614829,32.6,2,J0025,J0014,Normal,CNG
V000032,Car,12.9571,77.625576,21.2,4,J0010,J0028,Normal,Petrol
V000033,Bike,12.9083,77.641505,28.5,2,J0024,J0004,High,Petrol
V000034,Car,12.975643,77.59904,25.5,1,J0006,J0008,Normal,Petrol
V000035,Car,12.970184,77.637242,11.7,2,J0020,J0016,Normal,Petrol
V000036,Car,12.928897,77.612507,33.9,3,J0003,J0022,Normal,CNG
V000037,Bike,12.940577,77.638469,33.0,1,J0026,J0030,Normal,Petrol
V000038,Bike,13.008945,77.643299,36.7,2,J0027,J0005,Normal,Electric
V000039,Bike,12.973901,77.569244,45.7,4,J0030,J0010,Normal,Petrol
V000040,Bike,13.015333,77.6472,32.0,1,J0017,J0018,Normal,Petrol
V000041,Bike,12.943543,77.614776,49.2,1,J0011,J0020,Normal,Petrol
V000042,Bike,12.971467,77.573068,38.3,3,J0019,J0001,High,Petrol
V000043,Bike,12.974616,77.582323,32.4,3,J0016,J0017,Normal,Petrol
V000044,Bike,12.97705,77.59986,35.7,4,J0027,J0016,High,Petrol
V000045,Car,12.940493,77.64201,29.5,4,J0004,J0028,Normal,Diesel
V000046,Car,12.99751,77.622479,19.5,4,J0027,J0025,Normal,Petrol
V000047,Car,13.00949,77.632193,46.4,1,J0025,J0013,Normal,Diesel
V000048,Truck,12.891191,77.676414,17.6,4,J0002,J0007,Normal,Diesel
V000049,Bike,12.962258,77.55468,30.0,3,J0009,J0018,Normal,Petrol
V000050,Bike,13.012987,77.629945,22.0,2,J0001,J0021,Normal,Petrol
V000051,Car,12.97253,77.589562,47.9,1,J0018,J0014,Normal,Petrol
V000052,Car,12.96185,77.642869,19.6,3,J0016,J0030,Normal,Petrol
V000053,Truck,12.919506,77.659722,34.8,4,J0008,J0015,Normal,Diesel
V000054,Bike,12.946945,77.61298,21.8,3,J0029,J0005,Normal,Electric
V000055,Bike,12.925904,77.658849,22.1,1,J0030,J0026,Normal,Petrol
V000056,Car,12.920649,77.660449,40.5,2,J0019,J0022,Normal,Petrol
V000057,Truck,12.927215,77.654695,40.1,4,J0018,J0025,Normal,CNG
V000058,Bike,12.969828,77.64153,34.3,4,J0008,J0019,Normal,Petrol
V000059,Bike,12.994175,77.637366,27.8,2,J0030,J0026,Normal,Petrol
V000060,Car,12.965411,77.68389,33.2,4,J0019,J0011,Normal,Petrol
V000061,Bike,12.974871,77.591233,25.8,2,J0024,J0005,Normal,Petrol
V000062,Bike,12.940657,77.635824,39.0,1,J0011,J0020,Normal,Electric
V000063,Bike,12.946687,77.587458,41.1,4,J0013,J0011,Normal,Electric
V000064,Car,12.994778,77.603019,32.2,3,J0008,J0021,Normal,Electric
V000065,Bike,12.979535,77.60981,31.2,1,J0004,J0025,Normal,Petrol
V000066,Bike,12.976871,77.56882,26.7,3,J0002,J0011,Normal,Petrol
V000067,Bus,12.937887,77.612733,21.9,2,J0017,J0014,Normal,Diesel
V000068,Car,12.982834,77.573183,19.9,2,J0020,J0022,Normal,Petrol
V000069,Bike,12.925845,77.616275,27.9,4,J0009,J0022,Normal,Electric
V000070,Bike,12.946001,77.652421,19.0,3,J0003,J0015,High,Petrol
V000071,Bus,12.940976,77.634696,23.7,4,J0015,J0028,Normal,CNG
V000072,Car,12.981447,77.567675,28.8,3,J0019,J0012,Normal,Petrol
V000073,Bike,12.993011,77.628692,30.4,1,J0009,J0001,Normal,Electric
V000074,Bike,13.007414,77.575609,22.9,3,J0025,J0026,Normal,Petrol
V000075,Car,12.946334,77.636182,17.5,2,J0022,J0025,Normal,Diesel
V000076,Bike,12.96578,77.6583,13.9,1,J0002,J0010,Normal,Petrol
V000077,Bike,12.976051,77.5957,20.8,4,J0030,J0010,Normal,Petrol
V000078,Car,12.947521,77.587545,29.9,3,J0029,J0012,Normal,CNG
V000079,Car,12.919027,77.660919,31.8,3,J0026,J0010,Normal,CNG
V000080,Bus,12.992114,77.603883,22.0,4,J0005,J0025,High,Electric
V000081,Bike,12.99726,77.597005,31.2,3,J0003,J0026,Normal,Petrol
V000082,Bus,13.017287,77.574548,23.7,4,J0024,J0022,Normal,CNG
V000083,Ambulance,12.996738,77.548234,38.9,4,J0022,J0008,Emergency,Diesel
V000084,Bike,13.026991,77.620861,24.0,1,J0011,J0030,Normal,Petrol
V000085,Bus,12.964413,77.639506,34.2,2,J0010,J0021,Normal,Diesel
V000086,Car,12.99199,77.619206,32.1,2,J0004,J0008,Normal,Petrol
V000087,Car,12.943822,77.617814,46.5,2,J0023,J0018,Normal,Electric
V000088,Bike,12.988911,77.62223,37.6,3,J0020,J0014,High,Petrol
V000089,Car,12.954336,77.626398,53.9,1,J0015,J0008,Normal,Electric
V000090,Car,12.961602,77.6551,23.9,2,J0012,J0002,Normal,Electric
V000091,Ambulance,12.93318,77.619769,24.4,2,J0003,J0022,Emergency,Diesel
V000092,Bike,12.977401,77.569521,29.5,2,J0002,J0026,Normal,Electric
V000093,Car,12.942906,77.637049,41.5,2,J0018,J0007,Normal,Petrol
V000094,Car,12.981658,77.642064,26.2,2,J0001,J0009,Normal,Electric
V000095,Truck,12.978285,77.588469,18.8,2,J0004,J0022,Normal,Diesel
V000096,Bike,12.932869,77.606925,46.3,3,J0019,J0011,Normal,Petrol
V000097,Bike,12.984684,77.648699,39.8,4,J0004,J0024,Normal,Electric
V000098,Truck,12.999702,77.543575,27.3,1,J0015,J0017,Normal,Diesel
V000099,Bike,12.940624,77.63927,26.9,1,J0017,J0010,Normal,Petrol
V000100,Bus,12.99288,77.629035,44.4,4,J0014,J0022,Normal,Diesel
V000101,Car,12.980523,77.643042,32.1,3,J0005,J0003,Normal,Petrol
V000102,Bike,13.008561,77.576937,28.5,1,J0015,J0017,Normal,Electric
V000103,Car,12.965524,77.657122,21.3,2,J0021,J0029,Normal,Petrol
V000104,Bike,12.88775,77.680485,26.6,4,J0011,J0027,Normal,Electric
V000105,Car,13.00552,77.61005,16.7,2,J0022,J0009,Normal,Diesel
V000106,Bus,12.973996,77.597412,44.8,1,J0027,J0003,Normal,CNG
V000107,Car,12.978546,77.616605,43.8,3,J0018,J0002,Normal,Diesel
V000108,Car,12.944318,77.640311,32.7,1,J0025,J0014,Normal,Electric
V000109,Bike,12.978672,77.68118,34.5,2,J0004,J0019,Normal,Petrol
V000110,Car,12.99604,77.540644,45.7,1,J0012,J0028,Normal,CNG
V000111,Bike,12.975068,77.608722,38.6,1,J0028,J0018,High,Petrol
V000112,Bike,12.971056,77.637861,10.4,3,J0009,J0001,Normal,Electric
V000113,Car,12.973995,77.586517,47.0,4,J0028,J0005,Normal,Petrol
V000114,Bike,12.978715,77.572828,28.7,4,J0003,J0024,Normal,Petrol
V000115,Car,12.994965,77.600178,15.0,1,J0010,J0024,Normal,Electric
V000116,Car,12.941369,77.638378,31.4,3,J0020,J0002,Normal,Petrol
V000117,Bus,12.974978,77.636515,19.0,1,J0015,J0014,Normal,Diesel
V000118,Car,13.010614,77.572764,38.7,3,J0022,J0019,Normal,Petrol
V000119,Car,12.975826,77.638249,35.7,2,J0002,J0001,Normal,CNG
V000120,Bike,13.008938,77.57875,18.6,4,J0011,J0004,Normal,Petrol
V000121,Car,12.992737,77.631482,22.1,3,J0008,J0017,Normal,Petrol
V000122,Bike,12.991192,77.671669,33.0,1,J0014,J0001,Normal,Electric
V000123,Bike,12.97027,77.569919,26.9,3,J0013,J0023,Normal,Petrol
V000124,Car,13.008639,77.6102,21.6,4,J0006,J0026,High,CNG
V000125,Bike,12.976823,77.5986,21.0,4,J0014,J0028,Normal,Petrol
V000126,Truck,12.992918,77.624332,34.1,2,J0028,J0010,Normal,Diesel
V000127,Car,12.964161,77.678119,38.1,2,J0021,J0004,Normal,Electric
V000128,Car,12.960198,77.628486,39.6,2,J0027,J0021,Normal,Petrol
V000129,Car,12.974523,77.58752,16.8,1,J0020,J0005,Normal,Petrol
V000130,Bike,12.984529,77.61704,41.7,4,J0015,J0025,Normal,Petrol
V000131,Bike,12.961985,77.65653,33.8,3,J0021,J0020,Normal,Petrol
V000132,Car,12.952974,77.628472,35.1,1,J0021,J0010,Normal,Petrol
V000133,Car,12.927539,77.614897,15.9,3,J0015,J0002,Normal,Petrol
V000134,Bike,12.969995,77.59381,30.0,1,J0020,J0017,Normal,Petrol
V000135,Bike,12.95885,77.659397,21.5,2,J0007,J0011,Normal,Electric
V000136,Bus,12.929708,77.658708,21.2,2,J0023,J0003,Normal,Diesel
V000137,Bike,12.952812,77.62919,27.9,3,J0017,J0020,Normal,Electric
V000138,Car,13.014319,77.592174,46.8,3,J0011,J0022,Normal,Petrol
V000139,Car,13.01186,77.574454,21.6,2,J0013,J0010,Normal,Petrol
V000140,Bike,12.959485,77.644346,26.1,4,J0030,J0012,Normal,Petrol
V000141,Bike,12.970648,77.592456,14.0,3,J0010,J0018,Normal,Electric
V000142,Bike,12.942154,77.614079,33.6,4,J0022,J0030,Normal,Petrol
V000143,Car,12.962804,77.619356,26.1,4,J0006,J0007,Normal,Petrol
V000144,Fire Truck,12.95496,77.643976,23.4,1,J0003,J0010,Emergency,Diesel
V000145,Truck,12.941082,77.615977,34.7,3,J0029,J0017,Normal,CNG
V000146,Bike,12.982127,77.642408,27.5,2,J0013,J0005,Normal,Electric
V000147,Car,12.992659,77.597687,26.2,4,J0022,J0024,Normal,Diesel
V000148,Bike,12.959552,77.629347,35.6,4,J0008,J0018,Normal,Electric
V000149,Car,13.015746,77.573045,15.3,3,J0019,J0015,Normal,CNG
V000150,Truck,12.88851,77.678514,37.4,2,J0006,J0027,Normal,CNG
V000151,Car,12.919855,77.662055,15.7,1,J0028,J0012,Normal,Diesel
V000152,Truck,13.007774,77.629991,32.5,3,J0010,J0003,Normal,Diesel
V000153,Truck,12.976191,77.605637,31.3,4,J0003,J0030,Normal,CNG
V000154,Ambulance,12.888614,77.676186,19.9,3,J0002,J0013,Emergency,Diesel
V000155,Fire Truck,12.993329,77.59779,42.1,3,J0008,J0001,Emergency,Diesel
V000156,Bike,12.963974,77.657038,22.2,1,J0011,J0026,Normal,Petrol
V000157,Bike,12.966614,77.642511,3.3,4,J0027,J0005,Normal,Petrol
V000158,Car,12.976479,77.598953,24.0,2,J0001,J0009,Normal,Diesel
V000159,Bike,12.984293,77.648946,31.7,2,J0014,J0004,Normal,Petrol
V000160,Car,12.886453,77.68104,26.0,1,J0021,J0026,Normal,Petrol
V000161,Bike,12.975489,77.641846,39.7,2,J0018,J0001,Normal,Petrol
V000162,Car,12.970477,77.586506,34.5,4,J0020,J0012,Normal,Petrol
V000163,Bike,12.982108,77.651681,31.9,1,J0012,J0003,High,Petrol
V000164,Bus,12.975988,77.60309,27.8,1,J0013,J0012,Normal,Diesel
V000165,Car,12.93602,77.60973,44.0,3,J0024,J0022,Normal,Petrol
V000166,Car,12.92866,77.655686,27.9,4,J0027,J0021,Normal,Electric
V000167,Bus,12.972681,77.588737,32.2,4,J0026,J0005,Normal,Diesel
V000168,Car,12.95296,77.575698,48.8,3,J0029,J0002,Normal,Diesel
V000169,Fire Truck,12.945062,77.587813,34.4,1,J0016,J0009,Emergency,Diesel
V000170,Car,12.978061,77.682155,39.7,3,J0028,J0025,Normal,Petrol
V000171,Bike,12.976891,77.60949,31.4,4,J0029,J0013,Normal,Petrol
V000172,Car,12.970974,77.641384,27.8,3,J0016,J0012,High,CNG
V000173,Bike,12.971822,77.597185,23.4,2,J0014,J0020,High,Petrol
V000174,Car,12.970102,77.595792,23.5,4,J0011,J0022,Normal,Diesel
V000175,Bus,12.96656,77.641645,36.8,3,J0015,J0012,Normal,CNG
V000176,Bus,12.974002,77.602844,35.3,4,J0026,J0002,Normal,Diesel
V000177,Bike,13.015968,77.572748,25.3,4,J0006,J0001,Normal,Petrol
V000178,Car,13.011458,77.591988,22.2,1,J0021,J0012,Normal,Diesel
V000179,Bike,12.996844,77.59668,36.7,2,J0012,J0015,Normal,Petrol
V000180,Car,12.959906,77.655039,45.6,1,J0009,J0008,High,CNG
V000181,Truck,12.980197,77.574444,14.2,3,J0030,J0018,Normal,Diesel
V000182,Car,12.905202,77.641096,47.0,4,J0010,J0023,High,Petrol
V000183,Car,12.991809,77.609909,56.5,4,J0015,J0006,Normal,Electric
V000184,Bike,13.012069,77.609198,29.3,3,J0022,J0012,Normal,Electric
V000185,Bike,12.996857,77.632375,32.8,2,J0023,J0030,Normal,Electric
V000186,Truck,13.010075,77.630195,34.2,4,J0007,J0026,Normal,Diesel
V000187,Truck,12.998767,77.599743,47.9,2,J0015,J0026,High,Diesel
V000188,Car,12.965024,77.613088,26.9,4,J0013,J0023,Normal,CNG
V000189,Bike,12.996394,77.606124,28.6,4,J0005,J0011,Normal,Petrol
V000190,Truck,12.974569,77.614799,42.9,2,J0029,J0027,Normal,Diesel
V000191,Car,12.966984,77.683803,21.9,1,J0030,J0028,Normal,Diesel
V000192,Car,12.94524,77.648095,15.5,3,J0011,J0030,Normal,Electric
V000193,Truck,13.003561,77.578578,28.6,3,J0028,J0003,Normal,Diesel
V000194,Car,12.945254,77.581705,48.7,2,J0003,J0017,Normal,Petrol
V000195,Bike,12.98169,77.638383,1.0,1,J0011,J0027,High,Electric
V000196,Car,12.994486,77.674498,31.5,2,J0021,J0025,Normal,CNG
V000197,Car,12.9738,77.604047,29.3,3,J0001,J0016,Normal,Diesel
V000198,Car,12.936525,77.611477,20.9,4,J0026,J0022,Normal,Petrol
V000199,Car,12.953796,77.632077,32.1,3,J0014,J0016,Normal,Diesel
V000200,Car,12.99284,77.632681,31.8,3,J0011,J0024,High,Electric
V000201,Car,12.995811,77.592864,31.7,2,J0017,J0018,Normal,Petrol
V000202,Car,12.938711,77.61034,26.6,4,J0005,J0004,Normal,CNG
V000203,Car,12.945675,77.649796,5.5,3,J0027,J0011,High,Petrol
V000204,Car,12.963927,77.677899,42.9,4,J0015,J0016,Normal,Petrol
V000205,Ambulance,12.967837,77.679714,17.9,2,J0015,J0008,Emergency,Diesel
V000206,Car,13.001967,77.576207,24.2,4,J0016,J0020,Normal,Petrol
V000207,Car,12.995166,77.542304,41.4,3,J0014,J0005,Normal,CNG
V000208,Car,12.994278,77.627492,44.7,3,J0002,J0019,Normal,Diesel
V000209,Car,12.967907,77.678349,26.8,1,J0015,J0025,Normal,Petrol
V000210,Car,12.992088,77.594283,36.9,3,J0026,J0011,Normal,CNG
V000211,Car,12.969327,77.679621,39.1,1,J0013,J0017,Normal,Petrol
V000212,Car,12.924281,77.65881,36.4,2,J0017,J0015,Normal,Petrol
V000213,Bike,12.942573,77.646003,33.9,3,J0013,J0020,Normal,Petrol
V000214,Truck,12.964348,77.676656,28.9,3,J0018,J0016,Normal,Diesel
V000215,Car,12.92833,77.660416,35.3,3,J0022,J0004,High,CNG
V000216,Bike,12.970363,77.63781,15.5,3,J0021,J0001,Normal,CNG
V000217,Bike,13.014346,77.588355,21.0,4,J0019,J0008,Normal,Petrol
V000218,Bike,12.908968,77.639681,13.9,2,J0025,J0027,Normal,Petrol
V000219,Ambulance,13.007821,77.632929,11.2,4,J0007,J0001,Emergency,Diesel
V000220,Car,12.969932,77.636196,49.0,4,J0007,J0014,Normal,CNG
V000221,Bike,12.96622,77.577266,27.6,3,J0023,J0005,Normal,CNG
V000222,Bus,12.979903,77.567046,43.0,3,J0011,J0006,Normal,Diesel
V000223,Bike,12.962302,77.626673,31.1,3,J0022,J0021,Normal,Petrol
V000224,Car,12.933622,77.613393,14.9,3,J0009,J0018,Normal,CNG
V000225,Bike,12.965196,77.637253,28.2,3,J0023,J0016,Normal,Petrol
V000226,Ambulance,12.957381,77.631924,35.5,1,J0009,J0010,Emergency,Diesel
V000227,Truck,12.994621,77.62655,34.0,2,J0027,J0012,High,Diesel
V000228,Car,12.99641,77.637793,22.2,3,J0003,J0012,High,CNG
V000229,Car,12.948931,77.585614,34.6,3,J0009,J0030,Normal,Petrol
V000230,Bike,12.91702,77.660744,37.8,2,J0008,J0002,Normal,Petrol
V000231,Car,12.890072,77.675487,13.6,2,J0011,J0023,Normal,Petrol
V000232,Truck,12.943799,77.651223,19.2,4,J0014,J0021,High,Diesel
V000233,Car,13.003727,77.578072,33.9,1,J0011,J0010,Normal,Diesel
V000234,Car,12.942496,77.615639,24.4,2,J0024,J0028,High,Petrol
V000235,Bike,12.994372,77.673248,18.2,2,J0027,J0013,Normal,Electric
V000236,Fire Truck,13.007073,77.582453,42.5,1,J0029,J0002,Emergency,Diesel
V000237,Bike,12.925208,77.655373,19.4,4,J0010,J0015,High,Electric
V000238,Car,12.967446,77.676855,39.0,1,J0015,J0009,Normal,Petrol
V000239,Bike,12.960566,77.65844,53.6,3,J0009,J0023,Normal,Electric
V000240,Bike,12.938281,77.636349,27.0,4,J0007,J0006,Normal,Electric
V000241,Truck,12.975341,77.594712,31.7,2,J0013,J0022,Normal,Diesel
V000242,Ambulance,12.970835,77.59175,49.7,2,J0009,J0013,Emergency,Diesel
V000243,Car,12.927136,77.657997,38.3,1,J0010,J0019,Normal,Petrol
V000244,Car,12.935395,77.607447,41.7,3,J0002,J0022,Normal,Petrol
V000245,Bike,12.99268,77.63549,27.3,3,J0025,J0010,Normal,Petrol
V000246,Car,12.981115,77.617975,38.2,3,J0016,J0005,Normal,Petrol
V000247,Truck,12.924474,77.663964,37.6,2,J0025,J0018,Normal,Diesel
V000248,Bike,12.976368,77.639399,38.8,4,J0028,J0026,Normal,Petrol
V000249,Car,12.970064,77.571549,36.3,2,J0004,J0002,Normal,Diesel
V000250,Car,13.011936,77.604949,34.1,2,J0028,J0017,Normal,Diesel
V000251,Truck,12.97008,77.684212,21.2,2,J0015,J0026,Normal,Diesel
V000252,Bus,12.966618,77.574661,42.5,3,J0018,J0015,Normal,CNG
V000253,Car,12.971417,77.591828,32.3,1,J0024,J0007,Normal,Petrol
V000254,Bike,12.944423,77.585064,28.3,4,J0002,J0030,Normal,Petrol
V000255,Car,13.01024,77.59178,27.7,4,J0005,J0025,Normal,Petrol
V000256,Bike,12.954836,77.630691,24.9,4,J0028,J0030,High,Petrol
V000257,Fire Truck,12.948443,77.58662,30.1,3,J0005,J0021,Emergency,Diesel
V000258,Fire Truck,12.994979,77.627124,27.6,2,J0017,J0005,Emergency,Diesel
V000259,Bike,12.963281,77.612377,30.7,4,J0015,J0022,Normal,Petrol
V000260,Bike,12.939468,77.606884,36.9,2,J0015,J0012,Normal,Electric
V000261,Bike,13.012978,77.631731,28.8,1,J0002,J0026,Normal,Petrol
V000262,Car,12.982354,77.63829,42.7,1,J0002,J0015,Normal,Petrol
V000263,Car,12.955956,77.629913,26.8,1,J0008,J0018,Normal,Petrol
V000264,Fire Truck,12.953129,77.588524,46.1,3,J0027,J0030,Emergency,Diesel
V000265,Bike,13.007983,77.610578,23.5,2,J0008,J0010,Normal,Petrol
V000266,Car,13.028804,77.613986,46.5,2,J0019,J0029,Normal,Diesel
V000267,Bus,12.986606,77.61689,18.6,4,J0002,J0012,High,CNG
V000268,Car,12.886258,77.675254,22.8,2,J0014,J0005,Normal,CNG
V000269,Bus,12.949215,77.586088,31.7,4,J0010,J0028,Normal,Electric
V000270,Bike,12.887667,77.682711,30.3,2,J0018,J0017,Normal,Petrol
V000271,Car,12.977392,77.594972,41.8,1,J0030,J0015,Normal,Diesel
V000272,Bike,12.963971,77.572203,25.9,1,J0009,J0013,Normal,Electric
V000273,Car,12.94229,77.63985,33.7,2,J0019,J0024,Normal,Petrol
V000274,Bike,12.926804,77.654687,32.9,2,J0010,J0030,Normal,CNG
V000275,Car,12.943665,77.638549,25.8,2,J0016,J0030,Normal,Petrol
V000276,Car,13.005075,77.61243,26.4,3,J0025,J0010,Normal,Petrol
V000277,Car,12.989804,77.616252,46.2,4,J0015,J0004,Normal,CNG
V000278,Car,12.968573,77.55179,26.3,2,J0012,J0011,Normal,CNG
V000279,Car,13.031638,77.617743,34.0,4,J0030,J0019,Normal,Petrol
V000280,Car,12.946872,77.587671,16.8,4,J0013,J0019,Normal,Diesel
V000281,Ambulance,12.932069,77.66092,25.9,4,J0009,J0025,Emergency,Petrol
V000282,Bike,12.991133,77.621497,24.1,3,J0015,J0006,Normal,Petrol
V000283,Bike,12.984932,77.618289,34.6,1,J0006,J0030,Normal,Petrol
V000284,Bike,12.994646,77.60501,48.1,1,J0027,J0022,Normal,Petrol
V000285,Bike,12.946788,77.582412,27.7,2,J0003,J0023,Normal,Petrol
V000286,Car,12.909441,77.637015,49.9,4,J0021,J0022,High,Diesel
V000287,Car,12.947972,77.585033,31.8,3,J0018,J0014,Normal,Diesel
V000288,Car,12.969282,77.679226,43.9,2,J0027,J0023,Normal,Petrol
V000289,Car,12.956454,77.646809,38.8,3,J0008,J0007,Normal,CNG
V000290,Car,12.998808,77.627385,50.5,4,J0003,J0012,High,Diesel
V000291,Fire Truck,12.95172,77.586092,40.2,1,J0010,J0022,Emergency,Diesel
V000292,Bike,12.942377,77.64177,33.1,4,J0002,J0003,Normal,Petrol
V000293,Car,12.971545,77.591145,30.3,4,J0023,J0006,Normal,Diesel
V000294,Car,12.996235,77.547072,33.5,2,J0029,J0017,High,Petrol
V000295,Bike,12.96867,77.569301,28.3,1,J0016,J0009,Normal,Petrol
V000296,Car,12.949062,77.588143,44.8,3,J0019,J0022,Normal,Petrol
V000297,Car,12.95939,77.6441,18.4,4,J0025,J0027,Normal,Electric
V000298,Car,12.974858,77.567861,39.5,4,J0008,J0019,Normal,Diesel
V000299,Truck,12.984205,77.569601,34.5,1,J0025,J0024,Normal,Diesel
V000300,Fire Truck,12.964125,77.578323,47.8,2,J0004,J0014,Emergency,Diesel
V000301,Car,13.012032,77.591875,27.5,3,J0020,J0013,High,Petrol
V000302,Car,12.952656,77.62955,33.9,4,J0016,J0008,Normal,Petrol
V000303,Bike,12.937671,77.644055,40.0,3,J0013,J0003,Normal,Electric
V000304,Bike,12.977622,77.598984,12.8,2,J0009,J0005,Normal,Electric
V000305,Car,13.001015,77.540725,26.4,4,J0003,J0001,High,Petrol
V000306,Car,12.974308,77.614706,35.8,4,J0003,J0006,Normal,Petrol
V000307,Car,13.03236,77.616669,47.7,3,J0003,J0020,Normal,CNG
V000308,Car,12.88811,77.683088,31.3,2,J0013,J0025,Normal,Diesel
V000309,Car,12.97781,77.573224,17.5,3,J0006,J0005,Normal,Diesel
V000310,Car,12.977479,77.606988,10.0,1,J0009,J0014,Normal,Petrol
V000311,Ambulance,12.96247,77.626796,34.4,2,J0021,J0016,Emergency,Diesel
V000312,Car,12.976471,77.586405,26.4,4,J0013,J0011,Normal,CNG
V000313,Car,12.928317,77.658383,38.5,2,J0014,J0027,Normal,Petrol
V000314,Bike,12.967004,77.637269,27.0,4,J0007,J0016,Normal,CNG
V000315,Car,12.970976,77.636915,31.5,2,J0021,J0016,High,Petrol
V000316,Car,12.994134,77.622366,34.4,2,J0012,J0004,High,Diesel
V000317,Truck,13.016505,77.575335,19.5,4,J0025,J0018,Normal,CNG
V000318,Car,13.00951,77.576442,46.4,4,J0027,J0023,Normal,Diesel
V000319,Car,12.967584,77.61894,35.4,4,J0008,J0009,Normal,CNG
V000320,Car,12.980459,77.640494,36.6,4,J0016,J0019,Normal,Diesel
V000321,Bike,12.997664,77.59619,30.0,1,J0023,J0029,Normal,Petrol
V000322,Car,12.938243,77.638084,39.1,1,J0012,J0006,Normal,Diesel
V000323,Bike,12.959496,77.656206,21.2,4,J0013,J0025,Normal,Petrol
V000324,Car,12.946654,77.585307,50.0,2,J0017,J0024,Normal,Petrol
V000325,Car,13.012107,77.589852,40.4,2,J0022,J0019,Normal,Petrol
V000326,Car,12.995042,77.541108,25.5,1,J0010,J0014,High,Petrol
V000327,Ambulance,12.959118,77.642113,27.5,3,J0012,J0010,Emergency,Diesel
V000328,Car,12.924496,77.664051,7.8,4,J0012,J0016,Normal,Petrol
V000329,Car,12.993135,77.639048,22.3,1,J0004,J0001,Normal,Diesel
V000330,Car,12.941326,77.616785,31.5,2,J0008,J0017,Normal,Petrol
V000331,Bus,12.929862,77.611957,47.0,2,J0008,J0026,Normal,Diesel
V000332,Bike,12.995041,77.626259,36.8,2,J0001,J0024,Normal,Petrol
V000333,Bus,12.96913,77.585826,29.5,1,J0023,J0007,Normal,Diesel
V000334,Bike,12.947302,77.581356,21.2,4,J0006,J0012,Normal,Petrol
V000335,Bike,12.990641,77.616622,46.0,4,J0017,J0021,Normal,Petrol
V000336,Bike,12.974379,77.680313,34.4,2,J0012,J0028,Normal,Electric
V000337,Bike,12.96167,77.619672,42.0,2,J0030,J0020,Normal,Petrol
V000338,Car,13.005881,77.629671,41.2,4,J0006,J0012,Normal,Petrol
V000339,Car,12.982214,77.57328,39.0,2,J0014,J0006,Normal,Diesel
V000340,Truck,12.976847,77.618636,35.9,1,J0006,J0011,Normal,CNG
V000341,Ambulance,12.987855,77.62017,45.2,4,J0005,J0007,Emergency,Petrol
V000342,Truck,12.988447,77.620874,34.0,4,J0014,J0022,Normal,Diesel
V000343,Car,12.97879,77.566986,25.5,1,J0026,J0025,Normal,Petrol
V000344,Truck,12.950276,77.648014,27.2,4,J0025,J0015,Normal,Diesel
V000345,Car,13.010735,77.629327,37.2,3,J0009,J0025,Normal,Diesel
V000346,Bike,12.941871,77.641502,22.3,4,J0024,J0015,Normal,Petrol
V000347,Bike,12.939024,77.64119,28.4,1,J0008,J0010,Normal,Petrol
V000348,Car,12.970412,77.591478,33.2,2,J0015,J0028,High,Petrol
V000349,Bike,12.970769,77.640892,25.4,4,J0012,J0028,Normal,Petrol
V000350,Car,12.967988,77.553398,15.3,3,J0027,J0007,Normal,Diesel
V000351,Bike,12.95037,77.64564,15.7,3,J0011,J0023,Normal,Electric
V000352,Truck,13.016526,77.576178,17.4,4,J0027,J0004,Normal,CNG
V000353,Fire Truck,12.961785,77.65926,48.8,2,J0005,J0023,Emergency,Diesel
V000354,Bike,12.939713,77.610088,23.4,4,J0025,J0027,Normal,Petrol
V000355,Bike,12.980416,77.597757,34.5,1,J0014,J0013,Normal,Petrol
V000356,Bike,12.968807,77.640127,12.2,4,J0030,J0029,Normal,Petrol
V000357,Car,13.015351,77.593482,25.7,4,J0028,J0024,Normal,Diesel
V000358,Bike,12.993101,77.604832,32.0,4,J0026,J0018,Normal,Electric
V000359,Truck,13.00659,77.611643,31.7,2,J0027,J0010,Normal,Diesel
V000360,Truck,12.928521,77.657394,43.7,1,J0029,J0022,Normal,Diesel
V000361,Bike,12.926693,77.615008,39.5,2,J0001,J0004,High,Petrol
V000362,Car,12.979685,77.607287,14.6,3,J0007,J0023,High,Petrol
V000363,Ambulance,13.013882,77.642344,19.1,3,J0003,J0021,Emergency,Diesel
V000364,Car,12.965651,77.655903,43.6,3,J0006,J0002,Normal,CNG
V000365,Bike,12.974626,77.611853,28.8,1,J0021,J0003,Normal,Petrol
V000366,Car,12.919064,77.655419,19.2,1,J0008,J0017,Normal,Petrol
V000367,Car,13.006801,77.626682,47.0,4,J0028,J0014,Normal,Petrol
V000368,Car,12.957527,77.630501,40.5,3,J0026,J0004,Normal,Electric
V000369,Car,13.016377,77.592655,28.8,2,J0027,J0025,Normal,Petrol
V000370,Bike,12.908658,77.643352,48.8,2,J0021,J0006,Normal,Petrol
V000371,Car,12.888079,77.675568,29.4,2,J0020,J0022,Normal,Petrol
V000372,Car,12.941677,77.643241,30.0,3,J0004,J0019,Normal,Electric
V000373,Car,12.97666,77.616175,39.3,2,J0008,J0009,Normal,Diesel
V000374,Bike,12.974704,77.636671,27.2,1,J0010,J0025,High,Electric
V000375,Bike,12.965055,77.616307,37.2,2,J0007,J0017,Normal,Electric
V000376,Car,12.962975,77.576202,35.5,2,J0026,J0029,Normal,Diesel
V000377,Car,12.985851,77.620408,43.1,1,J0021,J0020,Normal,Electric
V000378,Ambulance,12.98189,77.612868,21.6,4,J0013,J0028,Emergency,Diesel
V000379,Bike,12.944373,77.637165,21.8,1,J0016,J0025,Normal,Petrol
V000380,Car,12.964605,77.577572,51.1,4,J0026,J0013,Normal,Petrol
V000381,Car,12.977094,77.601015,33.5,1,J0018,J0020,Normal,Petrol
V000382,Truck,12.968997,77.554559,35.6,4,J0026,J0005,Normal,Diesel
V000383,Bike,12.959617,77.657544,39.1,4,J0022,J0021,Normal,Electric
V000384,Bike,12.962215,77.576077,39.9,1,J0008,J0003,High,Petrol
V000385,Bike,12.969412,77.612568,31.0,2,J0022,J0024,Normal,Petrol
V000386,Bike,12.97164,77.63833,20.5,3,J0001,J0006,Normal,Petrol
V000387,Bike,12.96177,77.630518,31.2,3,J0009,J0006,Normal,Electric
V000388,Car,12.978844,77.568465,36.2,1,J0011,J0026,Normal,Petrol
V000389,Fire Truck,12.97958,77.60217,43.9,4,J0003,J0016,Emergency,Diesel
V000390,Car,12.975002,77.57049,19.7,1,J0006,J0012,Normal,Electric
V000391,Bike,13.009821,77.625387,26.5,1,J0008,J0024,Normal,Electric
V000392,Car,12.992438,77.672372,33.3,2,J0016,J0012,Normal,Petrol
V000393,Fire Truck,12.992949,77.67303,47.9,4,J0018,J0026,Emergency,Diesel
V000394,Car,12.959134,77.627596,23.5,3,J0011,J0009,Normal,Petrol
V000395,Bike,12.96402,77.574575,44.4,1,J0006,J0008,Normal,Electric
V000396,Car,12.928423,77.618786,42.1,3,J0028,J0010,Normal,Petrol
V000397,Truck,12.969069,77.587927,7.0,3,J0012,J0007,Normal,Diesel
V000398,Car,12.994334,77.595529,54.9,2,J0019,J0016,High,CNG
V000399,Truck,12.93737,77.612833,42.2,1,J0005,J0001,High,Diesel
V000400,Car,12.970327,77.64082,56.4,1,J0029,J0001,High,CNG
V000401,Car,12.942134,77.62021,39.6,2,J0024,J0010,Normal,Petrol
V000402,Fire Truck,12.9548,77.647255,34.8,1,J0023,J0009,Emergency,Diesel
V000403,Car,12.980673,77.64955,24.5,4,J0014,J0023,Normal,Electric
V000404,Car,12.997228,77.542986,29.2,4,J0017,J0005,Normal,Petrol
V000405,Bike,12.97442,77.610105,29.8,3,J0022,J0005,Normal,Electric
V000406,Ambulance,12.998158,77.624298,45.9,3,J0023,J0027,Emergency,Diesel
V000407,Car,12.993113,77.608381,22.2,1,J0007,J0005,Normal,Petrol
V000408,Car,12.926837,77.61608,29.8,3,J0011,J0014,Normal,Electric
V000409,Car,12.965955,77.614235,26.0,1,J0015,J0009,Normal,Petrol
V000410,Bike,12.998902,77.635023,31.2,3,J0023,J0020,Normal,Petrol
V000411,Bike,12.973386,77.684541,30.2,3,J0013,J0017,Normal,Petrol
V000412,Fire Truck,12.979427,77.570045,45.6,4,J0013,J0028,Emergency,Diesel
V000413,Truck,12.996774,77.542224,32.5,2,J0015,J0004,Normal,Diesel
V000414,Car,13.014512,77.589498,32.4,4,J0008,J0005,Normal,Petrol
V000415,Bike,12.964136,77.654471,15.6,1,J0003,J0019,Normal,Petrol
V000416,Car,12.964473,77.655663,25.1,3,J0015,J0026,Normal,Petrol
V000417,Ambulance,12.964055,77.574481,25.3,4,J0006,J0030,Emergency,Petrol
V000418,Car,12.976509,77.566576,34.8,3,J0013,J0022,Normal,Petrol
V000419,Car,13.009428,77.642063,38.3,2,J0015,J0029,Normal,Diesel
V000420,Truck,13.027083,77.618238,36.1,4,J0016,J0002,Normal,Diesel
V000421,Car,12.978642,77.650623,41.6,1,J0008,J0021,High,Electric
V000422,Bike,12.977795,77.68345,50.1,3,J0016,J0018,Normal,Electric
V000423,Truck,12.979927,77.572607,24.0,2,J0009,J0006,Normal,Diesel
V000424,Bike,13.013233,77.649227,44.4,3,J0002,J0026,High,Electric
V000425,Fire Truck,12.944662,77.645954,37.7,2,J0004,J0008,Emergency,Diesel
V000426,Bike,12.940871,77.619948,44.3,2,J0002,J0025,High,Petrol
V000427,Fire Truck,12.978314,77.569706,26.2,2,J0012,J0030,Emergency,Diesel
V000428,Bike,12.940741,77.616946,17.9,1,J0023,J0012,High,Petrol
V000429,Car,12.97566,77.572212,34.3,2,J0019,J0005,Normal,CNG
V000430,Bike,12.9885,77.617616,12.4,1,J0018,J0010,Normal,Petrol
V000431,Car,12.954093,77.585946,44.3,3,J0001,J0017,Normal,Electric
V000432,Car,12.978593,77.617962,19.9,3,J0011,J0023,Normal,Petrol
V000433,Car,12.995697,77.638816,24.9,3,J0030,J0005,Normal,Electric
V000434,Car,12.938707,77.642603,31.4,3,J0013,J0019,Normal,Petrol
V000435,Fire Truck,12.958007,77.628213,33.7,4,J0014,J0026,Emergency,Diesel
V000436,Car,13.032943,77.615883,17.9,3,J0023,J0029,High,Petrol
V000437,Bike,12.97824,77.583417,38.9,3,J0013,J0010,Normal,Petrol
V000438,Bike,12.967018,77.636294,34.1,1,J0019,J0013,Normal,Petrol
V000439,Car,12.908143,77.641395,44.1,4,J0008,J0021,Normal,Petrol
V000440,Bike,12.93322,77.612756,29.4,1,J0012,J0011,Normal,Electric
V000441,Bike,12.96349,77.63028,29.3,3,J0029,J0011,Normal,Petrol
V000442,Bike,12.973328,77.681901,26.5,1,J0009,J0026,Normal,Petrol
V000443,Bus,12.886622,77.682607,24.1,4,J0006,J0029,Normal,Diesel
V000444,Car,12.923366,77.659614,18.7,2,J0026,J0028,Normal,Petrol
V000445,Car,12.994646,77.673565,21.0,1,J0010,J0001,Normal,Petrol
V000446,Car,12.983856,77.570842,10.5,1,J0006,J0024,Normal,Petrol
V000447,Fire Truck,12.921981,77.664194,32.8,4,J0023,J0001,Emergency,Diesel
V000448,Car,12.978874,77.611669,31.0,2,J0006,J0002,Normal,Electric
V000449,Car,13.027541,77.616326,25.3,3,J0024,J0030,Normal,Diesel
V000450,Car,12.996337,77.546088,41.9,4,J0002,J0013,Normal,Petrol
V000451,Car,12.977058,77.611802,32.3,4,J0003,J0010,Normal,Petrol
V000452,Car,12.943529,77.652215,31.9,4,J0021,J0010,High,CNG
V000453,Car,12.997279,77.628235,31.7,1,J0016,J0029,Normal,Diesel
V000454,Car,12.992691,77.596359,40.2,4,J0029,J0013,Normal,Petrol
V000455,Bus,12.942772,77.629149,21.3,1,J0008,J0027,Normal,Diesel
V000456,Bike,12.995155,77.541609,24.9,4,J0003,J0022,Normal,CNG
V000457,Bike,13.034621,77.616562,28.6,4,J0002,J0027,Normal,CNG
V000458,Bike,12.921431,77.661219,33.3,3,J0019,J0029,Normal,Petrol
V000459,Bike,12.996326,77.632883,18.6,2,J0002,J0017,Normal,Petrol
V000460,Bike,12.97578,77.586742,26.6,2,J0006,J0007,Normal,Petrol
V000461,Car,13.010055,77.579508,29.9,2,J0014,J0007,High,CNG
V000462,Car,12.957696,77.63017,46.9,4,J0030,J0026,Normal,Diesel
V000463,Truck,13.013231,77.641795,25.9,1,J0017,J0015,High,Diesel
V000464,Bike,12.980861,77.65547,25.0,2,J0026,J0014,Normal,Petrol
V000465,Bike,12.939878,77.640739,32.4,1,J0004,J0030,Normal,Electric
V000466,Bike,12.977255,77.682885,39.9,4,J0029,J0014,Normal,Petrol
V000467,Bus,12.973765,77.584853,18.3,4,J0009,J0013,Normal,Diesel
V000468,Bike,12.931579,77.659144,25.8,4,J0023,J0008,Normal,Electric
V000469,Bike,12.97197,77.567311,22.2,3,J0011,J0027,Normal,Petrol
V000470,Truck,12.969905,77.636172,6.1,2,J0022,J0004,High,Diesel
V000471,Fire Truck,12.952214,77.626823,17.2,3,J0025,J0027,Emergency,Diesel
V000472,Car,12.965699,77.658685,33.8,4,J0003,J0007,Normal,CNG
V000473,Bike,12.99217,77.596722,27.8,2,J0027,J0002,Normal,Petrol
V000474,Bike,12.996064,77.628872,33.8,1,J0005,J0025,Normal,Petrol
V000475,Bike,12.951089,77.573947,27.7,4,J0027,J0002,Normal,Petrol
V000476,Car,12.955788,77.575158,22.7,4,J0009,J0012,Normal,Diesel
V000477,Car,12.975492,77.571512,18.3,4,J0008,J0012,Normal,Petrol
V000478,Bike,12.922754,77.661072,11.9,3,J0018,J0012,Normal,Electric
V000479,Bike,13.007269,77.578459,21.3,2,J0001,J0013,Normal,Electric
V000480,Bike,13.011627,77.578276,38.4,1,J0007,J0009,Normal,Electric
V000481,Fire Truck,13.014865,77.57871,53.6,2,J0001,J0016,Emergency,Diesel
V000482,Bike,12.973957,77.590108,21.9,3,J0008,J0009,Normal,Petrol
V000483,Bike,13.008895,77.647196,28.3,3,J0014,J0029,Normal,Petrol
V000484,Car,12.965515,77.617624,24.5,4,J0022,J0017,Normal,Diesel
V000485,Car,12.937875,77.63718,28.3,3,J0027,J0012,Normal,Petrol
V000486,Car,12.999316,77.608832,33.8,3,J0011,J0009,Normal,Petrol
V000487,Bike,12.96069,77.65847,14.5,2,J0010,J0007,Normal,Electric
V000488,Bike,12.979662,77.636966,18.3,2,J0013,J0022,Normal,Electric
V000489,Bike,13.003884,77.575126,39.9,4,J0009,J0030,Normal,Electric
V000490,Bike,12.969276,77.574748,35.2,2,J0027,J0007,Normal,Petrol
V000491,Bike,12.923933,77.660226,38.0,3,J0030,J0022,Normal,Electric
V000492,Bike,13.028539,77.614073,20.4,2,J0006,J0010,Normal,Electric
V000493,Bike,13.032045,77.617344,41.3,3,J0025,J0030,Normal,Petrol
V000494,Car,12.946476,77.588399,37.6,3,J0024,J0028,Normal,Petrol
V000495,Bike,12.933225,77.616694,21.6,1,J0028,J0004,Normal,Petrol
V000496,Car,13.010124,77.631326,41.3,3,J0028,J0022,Normal,Petrol
V000497,Bike,12.955343,77.642486,33.4,4,J0005,J0007,Normal,Petrol
V000498,Bike,12.978248,77.583337,38.7,2,J0025,J0003,Normal,Petrol
V000499,Car,12.955632,77.629797,21.6,2,J0009,J0007,Normal,Diesel
V000500,Car,12.944973,77.637674,12.3,4,J0025,J0003,Normal,Diesel
V000501,Car,12.926031,77.662336,29.8,2,J0013,J0001,Normal,CNG
V000502,Ambulance,13.006899,77.611205,29.2,2,J0025,J0027,Emergency,Diesel
V000503,Car,12.963274,77.628294,30.3,3,J0008,J0023,Normal,Petrol
V000504,Car,12.922353,77.659257,34.8,1,J0010,J0006,Normal,Petrol
V000505,Car,12.958653,77.62897,38.6,4,J0017,J0020,Normal,Electric
V000506,Fire Truck,12.932836,77.660774,43.7,3,J0029,J0016,Emergency,Diesel
V000507,Car,12.998971,77.623825,36.0,2,J0001,J0008,Normal,Petrol
V000508,Car,12.966732,77.68317,25.5,1,J0006,J0004,Normal,Petrol
V000509,Bike,13.014347,77.590277,31.1,1,J0018,J0020,Normal,Petrol
V000510,Bike,12.974196,77.569752,45.0,4,J0002,J0023,Normal,Petrol
V000511,Truck,12.924026,77.663259,39.5,1,J0023,J0005,Normal,Diesel
V000512,Bike,12.938586,77.640775,31.8,2,J0017,J0009,Normal,Petrol
V000513,Bike,12.969086,77.678076,25.9,1,J0024,J0020,Normal,Electric
V000514,Truck,12.978812,77.641349,23.5,2,J0007,J0025,Normal,Diesel
V000515,Car,12.945312,77.651589,20.0,2,J0002,J0018,Normal,Diesel
V000516,Truck,12.936941,77.606756,36.4,1,J0001,J0022,Normal,Diesel
V000517,Bike,12.961983,77.642724,20.2,1,J0003,J0025,Normal,Electric
V000518,Bike,12.928,77.61307,34.5,1,J0010,J0009,Normal,Electric
V000519,Bike,13.009735,77.577904,35.2,4,J0012,J0026,Normal,Electric
V000520,Car,12.941017,77.641525,28.3,2,J0029,J0002,Normal,Diesel
V000521,Car,12.976171,77.682777,34.2,3,J0029,J0015,High,CNG
V000522,Car,12.930524,77.653301,41.3,4,J0006,J0004,Normal,Petrol
V000523,Car,12.92529,77.657914,16.7,2,J0026,J0014,Normal,Petrol
V000524,Bike,12.96377,77.574715,40.6,4,J0028,J0006,Normal,Electric
V000525,Bike,12.975463,77.586032,22.4,1,J0020,J0013,Normal,Electric
V000526,Bike,12.961719,77.629438,29.8,4,J0029,J0005,Normal,Petrol
V000527,Car,12.992,77.67604,42.2,1,J0003,J0009,Normal,Diesel
V000528,Bike,13.01361,77.586826,33.9,2,J0024,J0019,Normal,CNG
V000529,Bike,12.931238,77.658936,26.3,1,J0017,J0023,Normal,Petrol
V000530,Bike,12.925245,77.661308,23.5,4,J0012,J0022,Normal,Petrol
V000531,Bike,12.906601,77.639878,16.6,2,J0002,J0001,Normal,Petrol
V000532,Bus,12.984945,77.616786,30.1,4,J0028,J0006,Normal,Diesel
V000533,Car,13.015681,77.648762,47.1,4,J0002,J0017,Normal,Petrol
V000534,Car,12.930526,77.615249,38.3,1,J0015,J0026,Normal,CNG
V000535,Bus,13.006412,77.62862,44.2,1,J0016,J0024,Normal,Diesel
V000536,Car,13.033612,77.616173,37.8,3,J0001,J0027,Normal,Electric
V000537,Bike,12.959368,77.655171,46.8,3,J0022,J0015,High,Electric
V000538,Bike,12.928061,77.612089,43.4,4,J0011,J0018,Normal,Petrol
V000539,Car,12.954507,77.632418,33.4,1,J0004,J0025,Normal,Petrol
V000540,Bike,13.003838,77.578395,10.3,1,J0018,J0017,Normal,Petrol
V000541,Car,12.977796,77.615981,37.1,4,J0027,J0023,Normal,Petrol
V000542,Bike,12.950957,77.571995,22.7,2,J0004,J0030,Normal,Petrol
V000543,Bike,12.994694,77.636991,27.7,1,J0011,J0004,Normal,Electric
V000544,Bike,12.921741,77.6547,45.7,4,J0004,J0025,Normal,Petrol
V000545,Ambulance,12.980142,77.617373,22.0,1,J0016,J0001,Emergency,Diesel
V000546,Bus,12.92327,77.653981,35.0,2,J0016,J0030,Normal,CNG
V000547,Car,12.976225,77.614093,31.0,3,J0004,J0013,Normal,Diesel
V000548,Car,12.981621,77.63748,30.0,3,J0030,J0023,Normal,Petrol
V000549,Car,13.005362,77.581172,41.1,4,J0015,J0026,Normal,Diesel
V000550,Bike,12.963208,77.680345,20.0,3,J0010,J0027,Normal,Petrol
V000551,Ambulance,12.975896,77.603271,7.8,3,J0007,J0020,Emergency,Diesel
V000552,Ambulance,12.974306,77.617427,40.8,2,J0023,J0021,Emergency,Diesel
V000553,Bike,13.012107,77.605095,28.7,4,J0023,J0004,Normal,Petrol
V000554,Ambulance,12.994549,77.633236,37.2,3,J0014,J0022,Emergency,Petrol
V000555,Bus,12.970449,77.58972,39.9,2,J0017,J0004,Normal,Diesel
V000556,Car,13.011405,77.649073,19.5,3,J0025,J0026,Normal,Diesel
V000557,Car,12.959977,77.572077,15.8,1,J0023,J0026,Normal,Petrol
V000558,Bus,12.905778,77.638414,43.6,2,J0028,J0022,Normal,CNG
V000559,Bike,12.936694,77.607632,30.0,3,J0017,J0026,Normal,Petrol
V000560,Car,12.983382,77.572649,43.5,3,J0013,J0014,High,Electric
V000561,Car,12.944534,77.613448,33.8,4,J0009,J0007,Normal,CNG
V000562,Bike,12.994865,77.635033,24.3,2,J0023,J0021,Normal,Electric
V000563,Fire Truck,13.005462,77.578252,36.4,1,J0015,J0006,Emergency,Diesel
V000564,Car,12.967893,77.680807,41.0,3,J0004,J0013,Normal,Diesel
V000565,Car,12.922068,77.657103,32.2,4,J0028,J0009,Normal,Diesel
V000566,Car,12.954734,77.64607,24.7,3,J0030,J0011,Normal,Diesel
V000567,Bike,12.974357,77.682118,21.5,2,J0003,J0026,Normal,Electric
V000568,Truck,12.968739,77.680599,24.0,4,J0006,J0014,Normal,Diesel
V000569,Car,12.969083,77.556959,35.2,3,J0022,J0011,Normal,Petrol
V000570,Bike,12.978696,77.651106,25.5,1,J0016,J0018,Normal,Petrol
V000571,Car,12.936817,77.610697,40.8,2,J0029,J0021,Normal,Electric
V000572,Bike,13.005456,77.609931,27.2,1,J0013,J0030,Normal,Petrol
V000573,Truck,13.007969,77.582674,27.7,3,J0001,J0030,Normal,Diesel
V000574,Truck,12.985866,77.619208,43.5,2,J0002,J0010,Normal,Diesel
V000575,Car,12.99957,77.545605,41.2,1,J0006,J0025,Normal,Diesel
V000576,Car,12.9795,77.59924,25.3,4,J0025,J0007,Normal,CNG
V000577,Car,12.965087,77.640642,32.7,1,J0029,J0024,Normal,CNG
V000578,Car,12.931731,77.614413,40.5,1,J0023,J0011,Normal,Petrol
V000579,Bike,13.028368,77.620254,24.7,3,J0003,J0019,Normal,Petrol
V000580,Bus,12.997663,77.623334,28.0,1,J0014,J0011,Normal,Diesel
V000581,Bike,12.904643,77.643465,48.6,1,J0003,J0025,Normal,Petrol
V000582,Car,12.969114,77.680486,21.3,3,J0004,J0010,Normal,Diesel
V000583,Car,12.95999,77.630236,31.2,4,J0013,J0027,Normal,Petrol
V000584,Car,12.945263,77.614122,36.5,3,J0013,J0026,Normal,Electric
V000585,Car,13.010888,77.57165,30.1,3,J0029,J0030,High,Electric
V000586,Car,13.031372,77.617321,41.9,4,J0005,J0004,Normal,Diesel
V000587,Ambulance,12.962052,77.618034,37.8,3,J0007,J0024,Emergency,Diesel
V000588,Bike,12.964184,77.683309,31.3,3,J0005,J0006,Normal,Petrol
V000589,Car,12.974301,77.56952,33.7,4,J0028,J0002,Normal,Diesel
V000590,Car,12.941074,77.643656,45.2,4,J0003,J0009,Normal,Electric
V000591,Car,12.941259,77.643709,10.8,1,J0021,J0008,Normal,Electric
V000592,Car,12.954799,77.626283,25.9,2,J0011,J0020,Normal,Diesel
V000593,Car,13.005417,77.606596,40.4,2,J0014,J0006,Normal,CNG
V000594,Bike,12.959028,77.655057,33.5,2,J0014,J0009,Normal,Petrol
V000595,Car,12.924145,77.662137,48.2,4,J0015,J0012,Normal,Diesel
V000596,Car,12.97719,77.642216,28.8,2,J0003,J0027,Normal,Electric
V000597,Car,12.962307,77.62562,36.0,1,J0029,J0021,Normal,Electric
V000598,Bike,12.978526,77.598673,27.8,4,J0001,J0027,Normal,Electric
V000599,Car,12.99124,77.676286,27.4,4,J0018,J0009,Normal,Diesel
V000600,Car,12.994246,77.628813,34.0,3,J0008,J0029,Normal,Petrol
V000601,Truck,12.975387,77.595334,40.7,2,J0013,J0012,Normal,Diesel
V000602,Bike,12.906417,77.638107,14.5,2,J0022,J0006,Normal,Petrol
V000603,Car,12.975589,77.573134,37.1,4,J0022,J0028,High,Electric
V000604,Car,12.943736,77.641068,33.8,3,J0016,J0008,Normal,Petrol
V000605,Bike,12.982152,77.65198,32.1,4,J0030,J0026,Normal,Electric
V000606,Bike,12.990729,77.673016,25.6,3,J0021,J0011,Normal,Electric
V000607,Car,12.9485,77.583337,43.1,4,J0019,J0006,Normal,Petrol
V000608,Bike,12.999478,77.603818,26.8,2,J0017,J0009,Normal,Petrol
V000609,Car,12.978958,77.686821,26.6,1,J0016,J0026,Normal,Diesel
V000610,Car,12.944709,77.652186,31.1,3,J0008,J0003,Normal,Petrol
V000611,Car,12.997324,77.598777,37.1,2,J0020,J0023,Normal,Petrol
V000612,Car,13.005609,77.633043,29.4,2,J0016,J0022,Normal,Diesel
V000613,Bike,12.892556,77.677363,18.6,2,J0001,J0008,Normal,Petrol
V000614,Truck,12.975601,77.567906,42.9,2,J0005,J0002,Normal,Diesel
V000615,Car,12.969391,77.56894,35.7,3,J0021,J0001,Normal,Electric
V000616,Car,12.97447,77.639234,50.4,2,J0016,J0028,Normal,CNG
V000617,Bike,12.917995,77.655828,36.0,3,J0027,J0025,Normal,Petrol
V000618,Bike,12.931331,77.612264,11.8,4,J0020,J0019,Normal,Petrol
V000619,Car,12.957027,77.572833,41.5,4,J0017,J0028,High,CNG
V000620,Bike,12.971455,77.583456,45.1,1,J0016,J0029,Normal,Electric
V000621,Truck,12.937937,77.642399,32.7,2,J0004,J0003,Normal,CNG
V000622,Truck,12.973656,77.586116,43.6,4,J0029,J0025,Normal,Diesel
V000623,Car,12.996873,77.674014,41.8,4,J0023,J0017,Normal,CNG
V000624,Car,12.919757,77.656872,37.0,1,J0026,J0024,High,Petrol
V000625,Car,13.015815,77.591025,25.5,3,J0008,J0030,Normal,Diesel
V000626,Truck,12.946972,77.632151,13.7,1,J0007,J0001,Normal,Diesel
V000627,Car,12.973598,77.590818,48.1,3,J0013,J0021,Normal,Petrol
V000628,Car,12.973829,77.609321,45.1,4,J0021,J0019,Normal,Diesel
V000629,Bike,13.013491,77.576767,25.5,4,J0013,J0025,Normal,Petrol
V000630,Truck,12.92654,77.661975,23.6,4,J0009,J0010,Normal,Diesel
V000631,Bike,12.942378,77.63765,28.4,2,J0004,J0024,Normal,Petrol
V000632,Truck,12.926994,77.65617,49.0,1,J0026,J0018,Normal,Diesel
V000633,Fire Truck,12.969984,77.587412,25.9,2,J0026,J0003,Emergency,Diesel
V000634,Bike,12.977606,77.593884,27.6,1,J0003,J0009,Normal,Petrol
V000635,Bike,12.997315,77.624362,13.9,1,J0020,J0021,Normal,Electric
V000636,Bike,12.974773,77.600205,27.2,3,J0016,J0015,Normal,Petrol
V000637,Bike,12.969106,77.68102,24.9,2,J0017,J0023,Normal,Petrol
V000638,Car,12.961993,77.654621,24.5,3,J0001,J0006,Normal,CNG
V000639,Car,12.993126,77.627054,30.4,1,J0013,J0019,Normal,CNG
V000640,Car,12.970745,77.593995,38.7,3,J0018,J0010,Normal,Petrol
V000641,Bike,12.950088,77.586269,38.8,4,J0020,J0007,Normal,Petrol
V000642,Car,12.893864,77.676163,32.2,3,J0017,J0004,Normal,Petrol
V000643,Car,12.96606,77.679732,24.9,3,J0009,J0029,Normal,Diesel
V000644,Fire Truck,12.97588,77.572717,16.9,2,J0016,J0025,Emergency,Diesel
V000645,Fire Truck,12.931975,77.619519,16.2,1,J0022,J0015,Emergency,Diesel
V000646,Car,12.983071,77.566879,41.0,2,J0021,J0026,High,CNG
V000647,Car,12.9751,77.679952,27.2,3,J0017,J0018,Normal,Petrol
V000648,Car,13.01442,77.577042,33.5,2,J0024,J0027,Normal,Petrol
V000649,Car,12.972269,77.569957,29.3,2,J0009,J0006,High,Diesel
V000650,Car,12.941154,77.616146,23.1,2,J0008,J0028,Normal,Petrol
V000651,Car,12.904616,77.639244,30.7,1,J0012,J0005,Normal,Electric
V000652,Bike,12.944839,77.642432,28.8,1,J0016,J0020,Normal,Electric
V000653,Car,13.009361,77.604758,21.1,3,J0016,J0029,High,Diesel
V000654,Fire Truck,12.967774,77.68375,46.1,2,J0009,J0013,Emergency,Diesel
V000655,Car,12.982578,77.64846,41.5,1,J0026,J0014,Normal,Diesel
V000656,Car,13.01681,77.572081,34.9,1,J0025,J0006,Normal,Diesel
V000657,Bus,12.963917,77.638451,20.6,1,J0001,J0022,Normal,Diesel
V000658,Bike,12.942192,77.632492,29.1,3,J0006,J0018,Normal,Petrol
V000659,Bike,12.992276,77.596807,22.5,4,J0006,J0016,Normal,Petrol
V000660,Car,12.995174,77.62795,32.9,2,J0009,J0015,Normal,Electric
V000661,Bike,13.000489,77.543967,37.7,4,J0024,J0009,Normal,Electric
V000662,Car,12.94557,77.614997,36.3,2,J0005,J0016,Normal,Petrol
V000663,Car,12.976688,77.602459,42.0,4,J0017,J0018,Normal,Petrol
V000664,Bike,12.975198,77.573865,21.3,2,J0002,J0013,Normal,Petrol
V000665,Bike,12.921487,77.661828,26.7,3,J0027,J0021,Normal,Petrol
V000666,Car,13.029863,77.617911,40.1,1,J0030,J0026,Normal,Petrol
V000667,Car,13.012586,77.572884,42.3,2,J0020,J0007,Normal,Electric
V000668,Car,13.008056,77.605818,43.3,4,J0022,J0017,Normal,Electric
V000669,Car,13.003,77.575162,28.9,2,J0015,J0021,High,Diesel
V000670,Ambulance,12.891088,77.680206,39.8,4,J0021,J0020,Emergency,Petrol
V000671,Car,12.945746,77.647809,26.4,3,J0011,J0008,Normal,Diesel
V000672,Bike,12.997846,77.626963,25.9,3,J0009,J0029,Normal,Electric
V000673,Truck,12.960021,77.628525,19.7,1,J0014,J0006,Normal,Diesel
V000674,Car,12.945338,77.629728,26.1,2,J0024,J0023,Normal,Petrol
V000675,Car,12.995708,77.610644,27.3,1,J0030,J0029,Normal,Petrol
V000676,Car,12.940502,77.63606,31.9,2,J0003,J0004,Normal,Petrol
V000677,Ambulance,12.977781,77.567053,31.1,2,J0010,J0008,Emergency,Diesel
V000678,Bus,12.980181,77.615785,28.3,1,J0005,J0017,Normal,Diesel
V000679,Car,13.005541,77.612324,37.6,3,J0028,J0016,Normal,Diesel
V000680,Car,12.966335,77.642182,29.0,4,J0018,J0006,Normal,Diesel
V000681,Bike,12.976491,77.569312,39.7,3,J0014,J0017,Normal,Electric
V000682,Truck,12.953829,77.583767,35.7,3,J0026,J0003,Normal,Diesel
V000683,Car,12.973195,77.58643,16.3,2,J0001,J0017,Normal,Petrol
V000684,Bus,12.973294,77.589531,20.7,4,J0023,J0030,Normal,Diesel
V000685,Bike,13.005288,77.577377,34.4,3,J0020,J0008,Normal,Petrol
V000686,Bike,12.974005,77.606779,33.0,4,J0013,J0008,Normal,Electric
V000687,Car,12.971996,77.598964,30.3,3,J0014,J0021,Normal,Petrol
V000688,Bike,13.012156,77.644075,23.3,2,J0014,J0007,Normal,Petrol
V000689,Car,12.928937,77.616889,21.3,4,J0020,J0015,Normal,Petrol
V000690,Car,12.962975,77.574081,34.4,1,J0018,J0001,Normal,Petrol
V000691,Car,12.957082,77.626503,43.0,2,J0024,J0001,Normal,Petrol
V000692,Car,12.889082,77.675427,51.6,3,J0010,J0026,Normal,Petrol
V000693,Bike,12.926781,77.660987,54.4,2,J0003,J0027,Normal,Petrol
V000694,Bike,12.99894,77.608709,13.0,3,J0018,J0016,Normal,Electric
V000695,Bike,13.00651,77.631665,38.9,4,J0025,J0023,Normal,Petrol
V000696,Fire Truck,12.950888,77.577704,33.0,1,J0015,J0024,Emergency,Diesel
V000697,Fire Truck,12.926488,77.65836,38.2,3,J0013,J0022,Emergency,Diesel
V000698,Car,12.960935,77.632458,28.3,1,J0002,J0024,High,Petrol
V000699,Bike,12.954599,77.574353,39.3,2,J0012,J0029,Normal,CNG
V000700,Car,12.974216,77.606848,31.5,3,J0011,J0001,Normal,Diesel
V000701,Car,12.936597,77.610653,26.0,4,J0001,J0002,Normal,Diesel
V000702,Car,13.014242,77.593135,45.7,1,J0003,J0008,Normal,Diesel
V000703,Car,12.944048,77.641864,31.5,2,J0021,J0002,Normal,Diesel
V000704,Bike,12.978719,77.619765,30.9,3,J0016,J0008,Normal,Electric
V000705,Bus,12.956721,77.574863,30.0,2,J0001,J0023,Normal,Diesel
V000706,Car,12.997975,77.6383,30.5,4,J0015,J0018,Normal,Petrol
V000707,Car,12.978052,77.686887,37.9,2,J0011,J0024,Normal,Petrol
V000708,Car,13.001917,77.578773,2.6,4,J0027,J0009,Normal,Petrol
V000709,Bike,12.982041,77.567941,39.2,3,J0024,J0006,Normal,Electric
V000710,Car,12.959629,77.62748,41.5,4,J0003,J0022,High,Petrol
V000711,Bike,13.01131,77.59387,21.7,3,J0018,J0005,Normal,Petrol
V000712,Car,12.99502,77.548511,40.6,2,J0017,J0022,Normal,Petrol
V000713,Car,12.997306,77.540643,41.5,4,J0016,J0007,Normal,Diesel
V000714,Truck,12.969726,77.641748,37.1,2,J0019,J0009,Normal,Diesel
V000715,Car,12.968073,77.556145,25.6,1,J0021,J0016,High,Petrol
V000716,Bike,12.99656,77.598467,32.3,4,J0018,J0024,High,Electric
V000717,Bike,12.959773,77.574768,31.5,1,J0027,J0020,Normal,Electric
V000718,Bike,12.992285,77.606192,38.7,2,J0007,J0017,Normal,Petrol
V000719,Car,12.979577,77.648384,25.2,2,J0022,J0008,Normal,Diesel
V000720,Truck,12.946652,77.620376,30.6,3,J0004,J0025,Normal,Diesel
V000721,Bike,12.972545,77.609227,9.1,2,J0029,J0004,Normal,Petrol
V000722,Truck,12.943661,77.64274,34.1,4,J0006,J0018,High,CNG
V000723,Bike,13.028753,77.61535,11.9,4,J0011,J0028,Normal,Electric
V000724,Car,12.938935,77.614148,24.4,3,J0019,J0018,Normal,Petrol
V000725,Bus,12.995001,77.625928,40.3,3,J0001,J0024,Normal,Diesel
V000726,Truck,12.963225,77.617306,30.1,2,J0001,J0010,High,CNG
V000727,Car,12.966686,77.640258,32.6,2,J0027,J0009,High,Petrol
V000728,Bus,12.955301,77.646889,34.8,2,J0005,J0009,Normal,Diesel
V000729,Bike,12.974521,77.596231,0.0,2,J0019,J0013,Normal,Electric
V000730,Bike,12.91951,77.662631,29.8,1,J0006,J0016,Normal,Petrol
V000731,Car,12.963814,77.631042,40.1,1,J0026,J0019,Normal,Electric
V000732,Car,12.97635,77.609383,22.3,2,J0014,J0030,Normal,CNG
V000733,Bike,12.971035,77.589171,31.9,1,J0021,J0025,Normal,Petrol
V000734,Car,12.946401,77.581365,26.9,2,J0019,J0005,Normal,Petrol
V000735,Bike,12.998418,77.624658,22.8,1,J0015,J0025,Normal,Petrol
V000736,Car,12.99243,77.626206,33.5,1,J0005,J0011,Normal,Diesel
V000737,Car,12.999144,77.622148,28.7,2,J0017,J0014,Normal,CNG
V000738,Truck,12.951864,77.577277,33.6,2,J0016,J0013,Normal,Diesel
V000739,Fire Truck,12.979668,77.649659,25.4,3,J0008,J0003,Emergency,Diesel
V000740,Car,12.975361,77.569512,29.0,4,J0003,J0004,Normal,Petrol
V000741,Car,12.97651,77.686756,34.6,3,J0020,J0021,Normal,Petrol
V000742,Car,12.955136,77.632606,33.9,2,J0020,J0005,Normal,Petrol
V000743,Car,12.941379,77.638849,34.7,1,J0024,J0028,Normal,Petrol
V000744,Bike,12.95938,77.645411,22.2,1,J0028,J0027,Normal,Petrol
V000745,Bike,12.969145,77.61827,37.7,2,J0015,J0016,Normal,Electric
V000746,Car,12.951733,77.585914,44.4,4,J0017,J0025,Normal,Diesel
V000747,Fire Truck,12.970078,77.640228,25.8,1,J0023,J0022,Emergency,Diesel
V000748,Bike,12.977171,77.650376,24.8,3,J0002,J0009,Normal,Petrol
V000749,Bike,13.011156,77.644959,28.0,1,J0002,J0015,Normal,Petrol
V000750,Bike,12.938976,77.640033,34.0,1,J0028,J0030,Normal,Petrol
V000751,Bike,12.964033,77.655605,22.9,1,J0013,J0008,High,Electric
V000752,Truck,12.980948,77.642287,30.5,4,J0018,J0003,Normal,Diesel
V000753,Bike,12.993619,77.676481,34.2,3,J0008,J0030,Normal,Petrol
V000754,Bike,12.973542,77.570655,16.6,3,J0012,J0022,Normal,Petrol
V000755,Fire Truck,12.963778,77.681657,16.5,1,J0009,J0026,Emergency,Diesel
V000756,Bike,12.977725,77.567757,36.2,3,J0018,J0009,Normal,Electric
V000757,Bike,12.97554,77.592827,16.1,2,J0024,J0013,Normal,Petrol
V000758,Bike,12.979052,77.607521,44.4,4,J0010,J0030,Normal,Petrol
V000759,Car,12.975023,77.616244,26.6,2,J0019,J0018,Normal,CNG
V000760,Car,12.99334,77.637839,30.4,4,J0029,J0017,High,Electric
V000761,Fire Truck,12.958261,77.643014,29.7,2,J0021,J0030,Emergency,Diesel
V000762,Truck,12.961482,77.629371,22.1,2,J0004,J0006,Normal,Diesel
V000763,Bike,12.893629,77.679263,27.8,3,J0014,J0010,Normal,Petrol
V000764,Car,12.979551,77.614612,29.4,3,J0006,J0001,Normal,Diesel
V000765,Bike,12.978541,77.643292,35.2,1,J0008,J0022,Normal,Petrol
V000766,Bus,12.963689,77.67658,39.2,3,J0028,J0020,Normal,Diesel
V000767,Car,12.919898,77.659295,38.7,1,J0005,J0006,Normal,Petrol
V000768,Fire Truck,13.007834,77.643643,37.9,2,J0014,J0008,Emergency,Diesel
V000769,Car,12.954902,77.627867,33.0,3,J0028,J0020,Normal,CNG
V000770,Bike,12.971941,77.60762,43.5,4,J0013,J0025,Normal,Electric
V000771,Car,12.946962,77.612983,33.6,1,J0019,J0020,Normal,Diesel
V000772,Bus,12.997029,77.675706,32.5,4,J0029,J0008,Normal,Electric
V000773,Car,12.979685,77.569289,29.8,1,J0017,J0025,Normal,Petrol
V000774,Bus,12.961943,77.614008,46.9,2,J0025,J0027,Normal,Diesel
V000775,Bike,12.965044,77.574657,27.0,4,J0023,J0017,High,Electric
V000776,Bus,12.957697,77.632272,15.6,2,J0017,J0004,Normal,Diesel
V000777,Car,12.979518,77.565837,32.2,2,J0006,J0015,Normal,Electric
V000778,Car,13.007537,77.60648,34.3,2,J0023,J0021,High,Diesel
V000779,Car,13.010444,77.631592,28.2,1,J0023,J0015,Normal,Diesel
V000780,Car,12.967311,77.67762,28.8,4,J0020,J0006,Normal,Petrol
V000781,Car,12.928064,77.658668,37.0,2,J0019,J0028,Normal,Petrol
V000782,Car,13.011703,77.588972,43.4,3,J0023,J0002,Normal,CNG
V000783,Fire Truck,13.005524,77.582079,29.7,1,J0021,J0006,Emergency,Diesel
V000784,Fire Truck,12.974526,77.585695,36.7,3,J0020,J0025,Emergency,Diesel
V000785,Truck,12.98531,77.622684,23.6,4,J0018,J0026,Normal,Diesel
V000786,Bike,12.923173,77.659105,48.9,1,J0015,J0014,Normal,Petrol
V000787,Truck,12.904585,77.638604,52.2,2,J0021,J0018,Normal,Diesel
V000788,Car,12.964348,77.65595,32.1,1,J0012,J0002,Normal,Diesel
V000789,Bike,12.961768,77.613508,5.9,1,J0011,J0030,Normal,Petrol
V000790,Car,13.013154,77.573222,47.3,2,J0010,J0020,Normal,Electric
V000791,Bike,12.998977,77.593913,23.7,3,J0030,J0002,Normal,Petrol
V000792,Bike,12.999275,77.610891,33.9,1,J0025,J0014,Normal,Petrol
V000793,Car,12.967319,77.639823,16.0,4,J0028,J0009,Normal,Diesel
V000794,Bike,12.90456,77.641385,32.6,1,J0002,J0004,Normal,Petrol
V000795,Bike,12.997257,77.632448,32.3,3,J0010,J0014,Normal,Petrol
V000796,Bike,12.90779,77.642153,28.2,4,J0012,J0030,Normal,Petrol
V000797,Bike,12.989569,77.616323,35.2,2,J0026,J0006,Normal,Petrol
V000798,Fire Truck,12.973385,77.59137,19.1,4,J0004,J0001,Emergency,Diesel
V000799,Car,12.962118,77.55285,28.9,4,J0026,J0020,High,Petrol
V000800,Car,12.980527,77.597901,32.0,3,J0007,J0001,Normal,Petrol
V000801,Car,12.96399,77.618966,19.5,1,J0017,J0018,Normal,Petrol
V000802,Car,12.99826,77.62288,38.0,1,J0024,J0019,Normal,CNG
V000803,Car,12.928806,77.658574,27.6,4,J0030,J0022,Normal,CNG
V000804,Bike,12.919884,77.659481,27.3,3,J0005,J0021,Normal,Petrol
V000805,Bike,12.948132,77.613153,35.4,3,J0002,J0027,Normal,Petrol
V000806,Car,12.974707,77.569979,30.2,3,J0022,J0011,Normal,Petrol
V000807,Car,12.979163,77.572839,46.2,2,J0011,J0013,Normal,Diesel
V000808,Car,12.978988,77.638341,26.0,3,J0004,J0028,Normal,Diesel
V000809,Car,12.994354,77.672309,25.2,2,J0009,J0014,Normal,Petrol
V000810,Bike,12.96667,77.614105,35.9,1,J0007,J0017,Normal,Petrol
V000811,Car,12.951656,77.571661,32.1,1,J0030,J0003,Normal,CNG
V000812,Bike,12.954606,77.641182,18.5,3,J0007,J0011,High,Electric
V000813,Car,13.002553,77.545181,27.9,2,J0027,J0017,Normal,Petrol
V000814,Car,12.979994,77.571507,38.9,1,J0023,J0028,Normal,Petrol
V000815,Car,12.976631,77.638308,48.2,1,J0028,J0003,Normal,Petrol
V000816,Bike,12.947339,77.620366,29.0,3,J0010,J0001,Normal,Petrol
V000817,Car,12.956132,77.575161,30.1,3,J0007,J0010,Normal,CNG
V000818,Bike,13.011674,77.642934,37.2,1,J0005,J0006,Normal,Electric
V000819,Truck,12.997602,77.547368,19.5,3,J0007,J0018,Normal,Diesel
V000820,Ambulance,13.003421,77.575527,35.6,2,J0019,J0008,Emergency,Diesel
V000821,Bike,12.931446,77.659962,2.0,1,J0018,J0015,Normal,Petrol
V000822,Bike,12.997607,77.546077,30.0,4,J0013,J0002,Normal,Petrol
V000823,Bike,12.91683,77.660436,34.8,4,J0021,J0027,Normal,Petrol
V000824,Car,12.954202,77.57361,43.9,1,J0023,J0025,Normal,Electric
V000825,Bike,12.926408,77.618003,23.0,4,J0019,J0005,Normal,Petrol
V000826,Car,12.957892,77.655606,31.2,2,J0023,J0025,Normal,Electric
V000827,Car,12.91176,77.638215,25.2,2,J0009,J0030,Normal,Diesel
V000828,Bike,13.007046,77.607109,28.3,4,J0015,J0016,Normal,Petrol
V000829,Bus,12.948404,77.652106,38.8,2,J0010,J0025,Normal,Diesel
V000830,Car,12.99458,77.633578,20.5,1,J0026,J0004,Normal,CNG
V000831,Truck,12.998963,77.62357,43.9,2,J0019,J0014,Normal,Diesel
V000832,Fire Truck,12.979469,77.574082,22.2,2,J0003,J0011,Emergency,Diesel
V000833,Bike,12.976655,77.61051,22.0,2,J0019,J0026,Normal,Petrol
V000834,Bike,12.940814,77.61715,42.2,4,J0030,J0023,Normal,Petrol
V000835,Bike,13.010857,77.609347,19.7,2,J0018,J0004,Normal,Petrol
V000836,Car,12.981989,77.635823,37.2,4,J0004,J0022,Normal,Petrol
V000837,Bike,12.961436,77.576582,34.5,1,J0003,J0007,Normal,Electric
V000838,Bike,12.958189,77.625713,13.0,4,J0018,J0010,Normal,Petrol
V000839,Bike,13.007566,77.61214,48.0,3,J0010,J0019,Normal,Electric
V000840,Ambulance,12.997819,77.636733,63.1,1,J0030,J0012,Emergency,Diesel
V000841,Bike,12.970053,77.682001,24.8,3,J0013,J0028,Normal,Petrol
V000842,Bike,12.964896,77.577761,46.0,3,J0001,J0023,Normal,Petrol
V000843,Car,12.973378,77.567995,40.4,4,J0008,J0014,Normal,Diesel
V000844,Bike,12.995114,77.629945,21.8,2,J0013,J0014,Normal,Petrol
V000845,Car,12.982317,77.571363,36.4,4,J0027,J0030,Normal,Petrol
V000846,Fire Truck,12.944882,77.641053,39.8,1,J0005,J0001,Emergency,Diesel
V000847,Car,12.990526,77.620897,21.1,2,J0022,J0014,High,Petrol
V000848,Bike,12.888996,77.675313,24.1,4,J0028,J0015,Normal,Petrol
V000849,Bus,12.977569,77.611759,16.8,3,J0018,J0027,Normal,Diesel
V000850,Bus,12.973235,77.592933,28.4,2,J0019,J0016,Normal,CNG
V000851,Car,12.949875,77.587195,32.1,1,J0019,J0012,Normal,Diesel
V000852,Bike,13.006899,77.631741,21.4,1,J0019,J0016,High,Petrol
V000853,Bike,12.938482,77.64267,6.5,1,J0025,J0009,Normal,Petrol
V000854,Bike,12.933765,77.609192,39.0,1,J0016,J0021,Normal,Petrol
V000855,Truck,12.920999,77.659802,38.9,3,J0010,J0020,Normal,Diesel
V000856,Car,12.927389,77.616878,28.1,3,J0017,J0029,Normal,Petrol
V000857,Fire Truck,13.009013,77.575055,44.1,1,J0010,J0006,Emergency,Diesel
V000858,Bike,12.966809,77.612597,30.6,1,J0024,J0026,Normal,Petrol
V000859,Bike,12.971073,77.569829,10.2,1,J0002,J0022,High,Petrol
V000860,Car,12.967655,77.679116,36.1,3,J0003,J0028,Normal,Petrol
V000861,Car,12.940379,77.634874,25.7,2,J0001,J0024,Normal,Electric
V000862,Bike,12.939591,77.640545,43.3,3,J0015,J0012,Normal,Electric
V000863,Car,12.971276,77.584531,20.8,3,J0026,J0017,Normal,Electric
V000864,Fire Truck,12.981927,77.640618,44.4,2,J0030,J0027,Emergency,Diesel
V000865,Bike,12.887513,77.678458,39.2,4,J0025,J0013,Normal,Electric
V000866,Car,12.974627,77.567816,46.5,3,J0024,J0027,Normal,CNG
V000867,Car,12.945925,77.653162,22.4,4,J0015,J0013,Normal,CNG
V000868,Bike,12.944667,77.584444,18.4,4,J0008,J0013,Normal,Petrol
V000869,Car,12.977833,77.610858,29.7,4,J0001,J0010,High,Petrol
V000870,Car,12.980168,77.650268,22.8,3,J0022,J0002,Normal,Electric
V000871,Bus,12.959535,77.656137,17.0,3,J0028,J0009,Normal,CNG
V000872,Car,12.917765,77.655729,25.5,2,J0013,J0015,Normal,CNG
V000873,Bike,12.954718,77.571966,30.1,2,J0017,J0011,Normal,Petrol
V000874,Car,12.969469,77.592808,32.7,1,J0027,J0003,Normal,Diesel
V000875,Bike,12.977831,77.684465,22.5,2,J0008,J0024,Normal,Petrol
V000876,Bike,12.964252,77.573006,25.3,2,J0020,J0022,Normal,Electric
V000877,Bike,12.996852,77.636035,36.1,2,J0004,J0003,Normal,Petrol
V000878,Bike,12.960395,77.654442,16.5,1,J0019,J0026,High,Petrol
V000879,Car,12.932959,77.612726,42.2,4,J0022,J0030,Normal,Electric
V000880,Car,12.973169,77.61278,34.7,3,J0023,J0029,Normal,Petrol
V000881,Bike,13.009315,77.645998,33.5,3,J0025,J0002,Normal,CNG
V000882,Car,12.945441,77.634045,35.4,2,J0006,J0015,Normal,Diesel
V000883,Car,12.988899,77.617046,29.7,4,J0004,J0005,Normal,Petrol
V000884,Bike,12.955719,77.632554,27.6,1,J0023,J0009,Normal,Petrol
V000885,Bike,13.011132,77.59159,39.2,2,J0015,J0001,Normal,Petrol
V000886,Car,12.997657,77.670255,28.7,3,J0022,J0013,Normal,Electric
V000887,Bike,12.963426,77.682431,27.8,4,J0023,J0025,Normal,Petrol
V000888,Bike,12.99898,77.606404,26.3,4,J0018,J0008,Normal,Petrol
V000889,Truck,12.978827,77.679548,27.6,1,J0011,J0022,Normal,Diesel
V000890,Ambulance,12.97455,77.596139,15.9,3,J0012,J0018,Emergency,Diesel
V000891,Bus,13.015336,77.586941,19.1,1,J0010,J0021,Normal,Electric
V000892,Bike,12.963011,77.619202,34.9,3,J0023,J0013,Normal,Petrol
V000893,Bike,12.954283,77.626873,20.2,2,J0024,J0007,Normal,Petrol
V000894,Fire Truck,12.933007,77.610386,25.1,1,J0016,J0013,Emergency,Diesel
V000895,Bike,12.989619,77.61567,34.8,1,J0018,J0027,Normal,Petrol
V000896,Car,12.964846,77.631318,46.9,4,J0002,J0013,Normal,Electric
V000897,Bike,12.951589,77.584648,33.0,1,J0005,J0024,Normal,Petrol
V000898,Car,12.959494,77.657207,36.7,1,J0001,J0016,High,Petrol
V000899,Bike,12.973036,77.585745,36.7,3,J0006,J0021,Normal,Electric
V000900,Car,12.906944,77.643772,40.9,1,J0006,J0027,Normal,Petrol
V000901,Bike,12.906126,77.639354,38.7,4,J0008,J0003,Normal,Petrol
V000902,Bike,12.947349,77.618126,51.6,2,J0022,J0013,Normal,Petrol
V000903,Fire Truck,12.967088,77.551981,29.7,2,J0025,J0002,Emergency,Diesel
V000904,Car,12.959962,77.643201,46.5,3,J0025,J0014,Normal,Diesel
V000905,Bus,12.923107,77.653941,51.9,4,J0002,J0005,Normal,CNG
V000906,Car,12.990834,77.61736,24.3,1,J0003,J0001,Normal,Diesel
V000907,Bike,13.004172,77.578979,24.1,4,J0014,J0023,Normal,Petrol
V000908,Car,12.973566,77.600001,31.5,2,J0009,J0017,Normal,Electric
V000909,Bike,12.995082,77.671522,23.1,1,J0020,J0006,Normal,Petrol
V000910,Bike,12.974315,77.68076,42.4,2,J0014,J0001,Normal,Petrol
V000911,Truck,13.001462,77.546009,39.9,2,J0020,J0012,Normal,Diesel
V000912,Bike,12.962929,77.552307,31.4,2,J0009,J0002,Normal,Petrol
V000913,Fire Truck,12.923056,77.661454,21.1,2,J0016,J0006,Emergency,Diesel
V000914,Car,12.960747,77.655103,23.7,3,J0012,J0010,Normal,Petrol
V000915,Bike,12.93989,77.643058,32.8,1,J0015,J0002,Normal,Electric
V000916,Car,12.979439,77.567846,37.5,2,J0016,J0017,Normal,CNG
V000917,Bike,13.012141,77.611688,28.9,3,J0014,J0007,Normal,Petrol
V000918,Car,12.946961,77.583793,9.8,2,J0004,J0008,Normal,Petrol
V000919,Car,12.920487,77.664041,33.8,4,J0019,J0016,Normal,Petrol
V000920,Ambulance,12.930801,77.618582,61.9,3,J0006,J0013,Emergency,Diesel
V000921,Bike,12.976631,77.600956,32.2,2,J0012,J0009,Normal,Petrol
V000922,Bike,13.008977,77.646686,34.1,4,J0005,J0004,Normal,Petrol
V000923,Bike,12.947977,77.581591,33.6,2,J0029,J0010,Normal,Petrol
V000924,Truck,12.947462,77.580667,22.8,4,J0003,J0014,Normal,CNG
V000925,Car,12.923055,77.658461,41.8,4,J0027,J0015,Normal,CNG
V000926,Car,13.00528,77.60483,41.2,2,J0014,J0019,Normal,Electric
V000927,Bike,12.886764,77.67689,20.9,1,J0002,J0016,Normal,Petrol
V000928,Car,12.967977,77.639937,19.4,2,J0027,J0004,Normal,Petrol
V000929,Bike,12.965579,77.642754,14.2,2,J0024,J0014,High,Petrol
V000930,Car,12.974764,77.595688,26.4,2,J0001,J0016,Normal,Diesel
V000931,Bike,12.944513,77.618365,12.1,4,J0019,J0001,High,Electric
V000932,Bike,12.998046,77.623491,9.2,4,J0006,J0026,Normal,Petrol
V000933,Car,12.980081,77.601123,5.6,3,J0003,J0013,Normal,Diesel
V000934,Car,12.941688,77.636671,32.0,2,J0009,J0023,High,CNG
V000935,Car,12.927657,77.654418,22.7,3,J0024,J0030,Normal,Electric
V000936,Car,12.996829,77.593988,34.6,3,J0015,J0020,Normal,Petrol
V000937,Truck,12.993299,77.606994,40.6,2,J0018,J0023,Normal,CNG
V000938,Car,13.008819,77.625486,29.7,2,J0021,J0016,Normal,CNG
V000939,Bike,13.009639,77.610186,54.2,4,J0012,J0029,Normal,Petrol
V000940,Car,12.975065,77.679556,20.9,1,J0015,J0016,Normal,Petrol
V000941,Truck,12.950816,77.586865,34.8,3,J0029,J0010,Normal,Diesel
V000942,Ambulance,12.998411,77.606813,49.6,4,J0007,J0029,Emergency,Diesel
V000943,Car,12.974433,77.583008,43.0,3,J0010,J0003,Normal,Petrol
V000944,Car,12.961158,77.64684,25.7,1,J0028,J0007,Normal,Petrol
V000945,Fire Truck,12.94723,77.586722,24.0,4,J0030,J0005,Emergency,Diesel
V000946,Bus,12.965106,77.653901,31.4,1,J0001,J0010,Normal,CNG
V000947,Car,12.984531,77.648029,40.5,3,J0021,J0011,Normal,Diesel
V000948,Bike,12.989423,77.615614,5.5,4,J0019,J0022,Normal,Petrol
V000949,Bike,12.964885,77.620159,40.0,4,J0006,J0026,Normal,Petrol
V000950,Car,12.963536,77.573436,27.1,2,J0005,J0012,Normal,Diesel
V000951,Car,12.947107,77.580844,25.6,2,J0010,J0006,High,Petrol
V000952,Car,13.007569,77.608391,20.1,3,J0019,J0005,Normal,Petrol
V000953,Bike,12.995511,77.669507,37.0,2,J0022,J0011,High,Petrol
V000954,Truck,12.94421,77.650612,44.7,1,J0018,J0010,Normal,Diesel
V000955,Truck,12.960754,77.645962,30.0,1,J0015,J0030,Normal,CNG
V000956,Truck,12.967072,77.676976,31.9,4,J0011,J0021,Normal,CNG
V000957,Fire Truck,12.943684,77.641762,36.6,2,J0019,J0022,Emergency,Diesel
V000958,Bike,12.958541,77.629037,42.6,4,J0011,J0023,Normal,Electric
V000959,Car,13.031858,77.61904,36.1,2,J0004,J0010,Normal,Petrol
V000960,Car,12.960423,77.572427,23.4,2,J0020,J0021,Normal,CNG
V000961,Bike,12.957155,77.57742,31.0,4,J0001,J0003,Normal,Petrol
V000962,Ambulance,12.967462,77.681677,36.6,4,J0013,J0007,Emergency,Diesel
V000963,Bike,12.964123,77.572119,29.9,2,J0030,J0022,Normal,Petrol
V000964,Bus,12.980292,77.572597,41.4,3,J0012,J0001,Normal,Diesel
V000965,Bus,13.029405,77.615034,23.5,4,J0003,J0007,Normal,CNG
V000966,Car,12.953836,77.628292,25.5,4,J0010,J0006,Normal,CNG
V000967,Car,12.91712,77.654045,32.2,3,J0020,J0003,Normal,Petrol
V000968,Bike,12.930528,77.656337,37.0,4,J0003,J0030,High,Petrol
V000969,Car,13.014064,77.643473,37.1,2,J0014,J0006,Normal,Petrol
V000970,Bike,13.007303,77.57707,38.3,3,J0018,J0016,Normal,Electric
V000971,Car,13.02949,77.615258,33.7,1,J0024,J0015,Normal,Petrol
V000972,Car,12.974644,77.601629,37.5,3,J0027,J0021,Normal,Petrol
V000973,Truck,12.96594,77.640371,36.6,3,J0021,J0008,Normal,Diesel
V000974,Fire Truck,12.980891,77.641708,18.3,4,J0024,J0012,Emergency,Diesel
V000975,Bike,12.973824,77.601664,21.0,1,J0022,J0016,High,Petrol
V000976,Bike,12.974763,77.568691,33.8,1,J0028,J0009,Normal,Petrol
V000977,Bus,12.964135,77.64041,35.5,3,J0005,J0012,Normal,Diesel
V000978,Bike,12.975623,77.686659,12.4,1,J0002,J0010,Normal,Petrol
V000979,Bike,12.978031,77.589509,24.7,2,J0025,J0004,Normal,Petrol
V000980,Bike,13.016193,77.578308,35.3,3,J0026,J0010,Normal,Petrol
V000981,Bike,12.954856,77.640539,32.7,3,J0001,J0005,Normal,Electric
V000982,Car,12.95046,77.647932,16.6,2,J0004,J0007,Normal,CNG
V000983,Bike,13.033758,77.621083,35.6,1,J0020,J0023,Normal,Petrol
V000984,Bike,13.007397,77.625664,34.1,4,J0027,J0005,High,Petrol
V000985,Bike,12.97431,77.615,17.8,3,J0027,J0015,Normal,Petrol
V000986,Car,12.946456,77.617323,29.6,2,J0027,J0004,Normal,Diesel
V000987,Car,12.963902,77.550109,42.8,1,J0005,J0003,Normal,Petrol
V000988,Bike,12.943543,77.640738,14.9,1,J0014,J0002,Normal,Electric
V000989,Truck,12.963571,77.575864,35.9,1,J0016,J0004,High,Diesel
V000990,Bike,12.944343,77.640443,38.9,2,J0004,J0026,Normal,Petrol
V000991,Car,12.943359,77.640621,33.4,3,J0012,J0001,Normal,Electric
V000992,Car,12.948128,77.648433,32.2,2,J0028,J0017,Normal,Diesel
V000993,Car,12.923042,77.660862,37.0,2,J0025,J0001,Normal,Electric
V000994,Car,12.940163,77.639969,18.0,1,J0018,J0001,High,Electric
V000995,Ambulance,12.995944,77.631582,38.3,2,J0016,J0012,Emergency,Diesel
V000996,Ambulance,12.974461,77.586938,40.9,4,J0027,J0012,Emergency,Diesel
V000997,Truck,12.893455,77.67645,21.4,1,J0004,J0025,High,Diesel
V000998,Truck,12.988239,77.620548,46.8,1,J0025,J0012,Normal,Diesel
V000999,Truck,12.978703,77.568116,42.1,3,J0010,J0015,Normal,Diesel
V001000,Bike,12.951228,77.585445,41.4,4,J0018,J0014,Normal,Petrol
