sensor_id,road_id,timestamp,traffic_density_pct,vehicle_count,average_speed_kmph,occupancy_pct,air_quality_aqi,noise_level_db
IOT0001,R0001,2026-07-29T00:00:00,11.9,210,40.2,12.0,61,58.8
IOT0002,R0002,2026-07-29T00:00:00,14.0,236,27.5,13.0,78,54.2
IOT0003,R0003,2026-07-29T00:00:00,13.4,628,28.2,13.7,64,56.5
IOT0004,R0004,2026-07-29T00:00:00,16.2,378,43.9,15.4,72,58.5
IOT0005,R0005,2026-07-29T00:00:00,11.6,165,44.7,12.6,80,66.9
IOT0006,R0006,2026-07-29T00:00:00,14.3,239,23.6,12.9,80,65.9
IOT0007,R0007,2026-07-29T00:00:00,11.7,191,36.9,12.6,64,61.8
IOT0008,R0008,2026-07-29T00:00:00,13.3,138,46.9,13.1,91,60.8
IOT0009,R0009,2026-07-29T00:00:00,14.4,379,43.4,14.3,71,57.1
IOT0010,R0010,2026-07-29T00:00:00,11.9,128,22.1,13.1,56,59.5
IOT0011,R0011,2026-07-29T00:00:00,14.7,616,37.6,14.8,63,58.3
IOT0012,R0012,2026-07-29T00:00:00,13.3,203,42.5,14.0,36,64.1
IOT0013,R0013,2026-07-29T00:00:00,15.4,177,40.7,16.1,111,61.5
IOT0014,R0014,2026-07-29T00:00:00,12.2,313,31.8,13.1,71,58.1
IOT0015,R0015,2026-07-29T00:00:00,12.5,144,37.5,13.6,70,58.6
IOT0016,R0016,2026-07-29T00:00:00,16.1,294,41.7,17.7,67,54.3
IOT0017,R0017,2026-07-29T00:00:00,16.0,229,23.2,17.1,98,51.7
IOT0018,R0018,2026-07-29T00:00:00,14.5,777,36.3,13.1,60,62.8
IOT0019,R0019,2026-07-29T00:00:00,14.0,231,76.0,15.1,90,59.7
IOT0020,R0020,2026-07-29T00:00:00,15.0,317,23.1,15.8,52,66.6
IOT0021,R0021,2026-07-29T00:00:00,15.5,232,29.4,14.2,79,65.5
IOT0022,R0022,2026-07-29T00:00:00,13.5,170,72.9,13.1,71,62.1
IOT0023,R0023,2026-07-29T00:00:00,12.6,173,23.6,11.9,93,62.7
IOT0024,R0024,2026-07-29T00:00:00,13.9,201,35.9,13.0,65,62.3
IOT0025,R0025,2026-07-29T00:00:00,13.0,174,41.6,14.2,95,57.7
IOT0026,R0026,2026-07-29T00:00:00,11.3,171,32.5,12.0,43,60.4
IOT0027,R0027,2026-07-29T00:00:00,13.3,239,23.1,13.3,70,54.6
IOT0028,R0028,2026-07-29T00:00:00,14.6,233,23.1,14.4,81,55.7
IOT0029,R0029,2026-07-29T00:00:00,13.3,439,38.8,12.0,41,57.3
IOT0030,R0030,2026-07-29T00:00:00,16.3,280,26.9,14.7,44,61.5
IOT0031,R0031,2026-07-29T00:00:00,14.6,376,37.8,14.3,57,57.2
IOT0032,R0032,2026-07-29T00:00:00,16.0,644,34.6,16.6,76,57.3
IOT0033,R0033,2026-07-29T00:00:00,12.4,175,21.8,12.3,88,60.9
IOT0034,R0034,2026-07-29T00:00:00,13.4,170,70.4,13.2,93,59.9
IOT0035,R0035,2026-07-29T00:00:00,13.4,209,30.9,13.2,63,65.0
IOT0036,R0036,2026-07-29T00:00:00,11.7,282,22.3,11.3,60,60.7
IOT0037,R0037,2026-07-29T00:00:00,11.4,353,38.7,10.8,60,55.3
IOT0038,R0038,2026-07-29T00:00:00,12.1,148,28.8,12.8,90,60.3
IOT0039,R0039,2026-07-29T00:00:00,15.5,215,78.3,16.5,50,65.1
IOT0040,R0040,2026-07-29T00:00:00,12.5,603,23.7,11.7,84,61.9
IOT0041,R0041,2026-07-29T00:00:00,13.4,202,27.7,13.4,89,59.4
IOT0042,R0042,2026-07-29T00:00:00,14.1,236,72.7,15.1,85,65.1
IOT0043,R0043,2026-07-29T00:00:00,14.2,419,27.3,13.1,82,55.0
IOT0044,R0044,2026-07-29T00:00:00,12.9,228,20.8,11.7,88,62.2
IOT0045,R0045,2026-07-29T00:00:00,13.3,174,23.9,12.3,59,64.9
IOT0046,R0046,2026-07-29T00:00:00,12.7,277,61.8,12.5,51,58.4
IOT0047,R0047,2026-07-29T00:00:00,15.8,484,28.6,16.7,97,58.4
IOT0048,R0048,2026-07-29T00:00:00,11.6,138,22.4,12.6,65,59.3
IOT0049,R0049,2026-07-29T00:00:00,15.3,693,42.0,15.5,67,62.0
IOT0050,R0050,2026-07-29T00:00:00,15.4,397,23.4,16.6,38,57.3
IOT0001,R0001,2026-07-29T01:00:00,7.7,135,48.5,8.4,83,57.4
IOT0002,R0002,2026-07-29T01:00:00,7.3,123,38.2,7.3,98,59.2
IOT0003,R0003,2026-07-29T01:00:00,8.2,383,36.2,7.4,77,58.3
IOT0004,R0004,2026-07-29T01:00:00,7.9,184,55.2,7.4,79,57.1
IOT0005,R0005,2026-07-29T01:00:00,8.4,119,57.3,8.3,109,59.8
IOT0006,R0006,2026-07-29T01:00:00,7.1,119,26.2,6.5,86,57.5
IOT0007,R0007,2026-07-29T01:00:00,7.7,126,45.2,8.1,99,52.7
IOT0008,R0008,2026-07-29T01:00:00,6.8,71,51.5,6.3,70,62.0
IOT0009,R0009,2026-07-29T01:00:00,8.8,231,52.0,9.2,87,61.8
IOT0010,R0010,2026-07-29T01:00:00,7.4,80,29.2,8.0,120,57.9
IOT0011,R0011,2026-07-29T01:00:00,7.6,318,44.0,7.6,95,60.1
IOT0012,R0012,2026-07-29T01:00:00,7.4,113,56.6,7.3,97,57.3
IOT0013,R0013,2026-07-29T01:00:00,8.6,99,57.4,8.0,93,54.9
IOT0014,R0014,2026-07-29T01:00:00,7.2,184,38.2,7.0,137,57.9
IOT0015,R0015,2026-07-29T01:00:00,8.7,100,43.9,8.5,104,59.4
IOT0016,R0016,2026-07-29T01:00:00,9.6,175,51.3,9.0,96,63.2
IOT0017,R0017,2026-07-29T01:00:00,9.6,137,28.3,8.9,92,55.8
IOT0018,R0018,2026-07-29T01:00:00,8.4,451,48.2,8.1,69,51.6
IOT0019,R0019,2026-07-29T01:00:00,8.1,133,93.1,8.6,78,58.5
IOT0020,R0020,2026-07-29T01:00:00,7.9,168,26.8,8.2,109,52.6
IOT0021,R0021,2026-07-29T01:00:00,9.2,138,34.6,9.2,73,62.7
IOT0022,R0022,2026-07-29T01:00:00,8.7,110,95.5,8.0,103,59.0
IOT0023,R0023,2026-07-29T01:00:00,9.0,124,25.2,8.9,116,56.5
IOT0024,R0024,2026-07-29T01:00:00,6.8,99,49.0,6.9,80,52.2
IOT0025,R0025,2026-07-29T01:00:00,7.5,101,52.7,7.1,94,57.7
IOT0026,R0026,2026-07-29T01:00:00,7.4,112,38.8,7.0,119,64.2
IOT0027,R0027,2026-07-29T01:00:00,7.1,127,29.7,6.8,110,60.1
IOT0028,R0028,2026-07-29T01:00:00,9.2,146,26.4,9.1,116,56.3
IOT0029,R0029,2026-07-29T01:00:00,8.4,278,46.3,8.7,105,60.1
IOT0030,R0030,2026-07-29T01:00:00,8.4,144,36.1,8.2,73,59.3
IOT0031,R0031,2026-07-29T01:00:00,9.0,231,43.5,8.4,107,61.9
IOT0032,R0032,2026-07-29T01:00:00,7.4,298,46.9,7.0,96,56.6
IOT0033,R0033,2026-07-29T01:00:00,7.3,103,25.7,7.4,119,57.5
IOT0034,R0034,2026-07-29T01:00:00,8.4,107,96.1,8.5,85,55.5
IOT0035,R0035,2026-07-29T01:00:00,8.8,138,35.5,8.0,74,58.1
IOT0036,R0036,2026-07-29T01:00:00,9.5,227,26.4,10.2,113,58.0
IOT0037,R0037,2026-07-29T01:00:00,6.7,208,43.3,6.3,121,57.7
IOT0038,R0038,2026-07-29T01:00:00,6.8,83,37.7,7.3,77,60.2
IOT0039,R0039,2026-07-29T01:00:00,8.3,115,86.7,7.6,96,57.6
IOT0040,R0040,2026-07-29T01:00:00,8.7,418,29.2,9.0,90,60.1
IOT0041,R0041,2026-07-29T01:00:00,9.3,140,36.6,9.6,62,57.6
IOT0042,R0042,2026-07-29T01:00:00,8.2,136,85.3,8.7,98,60.1
IOT0043,R0043,2026-07-29T01:00:00,8.5,249,35.6,9.1,87,51.0
IOT0044,R0044,2026-07-29T01:00:00,7.9,140,26.0,7.1,109,50.5
IOT0045,R0045,2026-07-29T01:00:00,7.6,99,27.6,7.9,101,54.6
IOT0046,R0046,2026-07-29T01:00:00,9.4,204,75.6,9.3,80,59.0
IOT0047,R0047,2026-07-29T01:00:00,8.7,266,38.9,9.3,95,51.4
IOT0048,R0048,2026-07-29T01:00:00,6.7,80,26.8,7.2,92,57.5
IOT0049,R0049,2026-07-29T01:00:00,8.7,391,55.7,8.1,121,57.5
IOT0050,R0050,2026-07-29T01:00:00,6.8,174,28.7,6.7,76,59.6
IOT0001,R0001,2026-07-29T02:00:00,10.9,192,37.0,10.0,66,57.9
IOT0002,R0002,2026-07-29T02:00:00,9.1,154,32.4,9.9,51,59.2
IOT0003,R0003,2026-07-29T02:00:00,11.3,530,28.4,12.3,64,59.2
IOT0004,R0004,2026-07-29T02:00:00,11.5,270,47.3,11.1,61,59.1
IOT0005,R0005,2026-07-29T02:00:00,8.7,124,47.9,9.0,63,55.9
IOT0006,R0006,2026-07-29T02:00:00,9.7,162,21.3,9.0,32,56.6
IOT0007,R0007,2026-07-29T02:00:00,12.0,196,40.3,12.7,64,58.5
IOT0008,R0008,2026-07-29T02:00:00,10.7,111,42.7,10.4,72,55.7
IOT0009,R0009,2026-07-29T02:00:00,10.2,270,46.6,10.1,77,54.8
IOT0010,R0010,2026-07-29T02:00:00,9.6,104,21.6,9.6,90,53.4
IOT0011,R0011,2026-07-29T02:00:00,9.1,383,36.6,9.4,74,52.8
IOT0012,R0012,2026-07-29T02:00:00,10.5,160,45.9,9.6,68,57.3
IOT0013,R0013,2026-07-29T02:00:00,12.6,144,45.5,13.5,75,55.5
IOT0014,R0014,2026-07-29T02:00:00,10.0,258,29.7,9.3,93,53.4
IOT0015,R0015,2026-07-29T02:00:00,11.3,131,38.9,12.2,81,61.5
IOT0016,R0016,2026-07-29T02:00:00,9.3,169,47.1,10.0,74,61.2
IOT0017,R0017,2026-07-29T02:00:00,10.9,157,23.5,11.1,71,57.0
IOT0018,R0018,2026-07-29T02:00:00,11.7,626,39.9,12.0,70,57.5
IOT0019,R0019,2026-07-29T02:00:00,11.6,191,76.9,11.9,60,56.6
IOT0020,R0020,2026-07-29T02:00:00,8.9,188,22.4,8.6,83,57.8
IOT0021,R0021,2026-07-29T02:00:00,11.1,167,32.0,10.1,63,59.7
IOT0022,R0022,2026-07-29T02:00:00,9.2,116,82.5,9.8,52,55.4
IOT0023,R0023,2026-07-29T02:00:00,10.6,146,23.1,11.0,59,63.7
IOT0024,R0024,2026-07-29T02:00:00,9.1,132,35.9,9.7,71,56.2
IOT0025,R0025,2026-07-29T02:00:00,11.0,148,45.8,10.4,99,59.0
IOT0026,R0026,2026-07-29T02:00:00,11.2,169,31.8,10.8,47,60.8
IOT0027,R0027,2026-07-29T02:00:00,10.7,192,23.5,10.6,88,51.1
IOT0028,R0028,2026-07-29T02:00:00,9.9,158,23.4,9.2,39,58.3
IOT0029,R0029,2026-07-29T02:00:00,11.9,391,38.1,11.1,91,60.4
IOT0030,R0030,2026-07-29T02:00:00,10.2,175,31.2,9.8,72,57.2
IOT0031,R0031,2026-07-29T02:00:00,9.5,244,39.6,9.2,67,58.4
IOT0032,R0032,2026-07-29T02:00:00,10.2,409,40.6,9.3,71,53.0
IOT0033,R0033,2026-07-29T02:00:00,9.9,140,21.4,8.9,69,63.1
IOT0034,R0034,2026-07-29T02:00:00,11.4,145,73.6,11.4,57,64.4
IOT0035,R0035,2026-07-29T02:00:00,10.2,160,31.8,11.2,72,54.2
IOT0036,R0036,2026-07-29T02:00:00,10.4,249,24.4,9.9,65,57.5
IOT0037,R0037,2026-07-29T02:00:00,9.2,285,39.0,9.8,57,54.1
IOT0038,R0038,2026-07-29T02:00:00,10.2,125,28.5,10.2,100,60.6
IOT0039,R0039,2026-07-29T02:00:00,10.7,149,72.1,10.7,48,57.9
IOT0040,R0040,2026-07-29T02:00:00,12.6,609,22.3,13.3,90,58.1
IOT0041,R0041,2026-07-29T02:00:00,10.3,155,28.7,11.0,69,61.3
IOT0042,R0042,2026-07-29T02:00:00,10.4,173,74.9,10.5,69,56.5
IOT0043,R0043,2026-07-29T02:00:00,10.5,308,31.2,11.3,60,54.3
IOT0044,R0044,2026-07-29T02:00:00,11.9,210,24.1,12.8,85,57.8
IOT0045,R0045,2026-07-29T02:00:00,12.5,163,21.3,13.5,78,55.8
IOT0046,R0046,2026-07-29T02:00:00,11.1,242,61.4,11.0,55,58.6
IOT0047,R0047,2026-07-29T02:00:00,10.1,308,28.8,10.0,85,52.9
IOT0048,R0048,2026-07-29T02:00:00,9.4,112,23.9,10.3,43,66.0
IOT0049,R0049,2026-07-29T02:00:00,9.0,407,46.7,9.6,61,56.9
IOT0050,R0050,2026-07-29T02:00:00,12.1,312,22.8,11.5,82,57.3
IOT0001,R0001,2026-07-29T03:00:00,12.4,219,41.2,11.6,101,57.8
IOT0002,R0002,2026-07-29T03:00:00,14.1,238,34.2,15.3,113,63.8
IOT0003,R0003,2026-07-29T03:00:00,10.7,504,33.9,11.3,89,60.3
IOT0004,R0004,2026-07-29T03:00:00,12.7,298,49.4,13.5,122,62.9
IOT0005,R0005,2026-07-29T03:00:00,13.4,190,53.2,13.8,85,67.0
IOT0006,R0006,2026-07-29T03:00:00,10.4,174,26.8,10.6,85,56.9
IOT0007,R0007,2026-07-29T03:00:00,13.8,224,45.5,12.4,101,59.6
IOT0008,R0008,2026-07-29T03:00:00,14.2,147,49.1,14.9,79,63.8
IOT0009,R0009,2026-07-29T03:00:00,14.4,379,49.4,14.1,99,53.0
IOT0010,R0010,2026-07-29T03:00:00,10.2,110,26.6,11.1,78,62.6
IOT0011,R0011,2026-07-29T03:00:00,12.7,530,46.9,12.8,100,61.9
IOT0012,R0012,2026-07-29T03:00:00,12.2,187,55.5,13.2,113,62.5
IOT0013,R0013,2026-07-29T03:00:00,10.2,117,57.9,10.6,113,57.2
IOT0014,R0014,2026-07-29T03:00:00,13.7,352,33.7,14.5,86,63.4
IOT0015,R0015,2026-07-29T03:00:00,12.0,139,45.2,12.3,98,59.9
IOT0016,R0016,2026-07-29T03:00:00,10.3,188,54.7,10.1,75,58.2
IOT0017,R0017,2026-07-29T03:00:00,11.8,169,25.4,12.0,91,59.8
IOT0018,R0018,2026-07-29T03:00:00,10.3,554,47.1,9.3,85,60.1
IOT0019,R0019,2026-07-29T03:00:00,12.7,209,86.0,11.5,106,58.4
IOT0020,R0020,2026-07-29T03:00:00,12.6,266,27.7,12.8,112,57.0
IOT0021,R0021,2026-07-29T03:00:00,13.6,203,35.4,12.4,113,62.2
IOT0022,R0022,2026-07-29T03:00:00,14.3,180,87.3,14.5,99,61.0
IOT0023,R0023,2026-07-29T03:00:00,11.0,152,27.3,12.0,83,60.2
IOT0024,R0024,2026-07-29T03:00:00,10.9,158,41.6,11.9,88,58.8
IOT0025,R0025,2026-07-29T03:00:00,13.4,180,52.7,13.5,127,61.9
IOT0026,R0026,2026-07-29T03:00:00,13.1,197,32.8,12.0,98,54.4
IOT0027,R0027,2026-07-29T03:00:00,10.8,194,25.5,10.3,86,63.5
IOT0028,R0028,2026-07-29T03:00:00,11.8,188,24.8,12.0,94,62.5
IOT0029,R0029,2026-07-29T03:00:00,12.4,407,44.0,11.2,109,55.4
IOT0030,R0030,2026-07-29T03:00:00,13.8,238,33.0,15.0,136,59.3
IOT0031,R0031,2026-07-29T03:00:00,10.4,267,41.9,10.6,118,56.8
IOT0032,R0032,2026-07-29T03:00:00,12.6,507,46.6,12.1,98,61.5
IOT0033,R0033,2026-07-29T03:00:00,14.3,202,24.2,12.9,101,63.3
IOT0034,R0034,2026-07-29T03:00:00,10.2,130,85.5,10.5,79,57.4
IOT0035,R0035,2026-07-29T03:00:00,12.9,202,32.7,11.7,99,65.6
IOT0036,R0036,2026-07-29T03:00:00,13.8,332,25.3,14.4,117,61.2
IOT0037,R0037,2026-07-29T03:00:00,10.8,335,42.1,11.6,92,60.3
IOT0038,R0038,2026-07-29T03:00:00,12.4,151,33.9,11.8,83,61.4
IOT0039,R0039,2026-07-29T03:00:00,14.5,201,89.1,13.5,118,59.8
IOT0040,R0040,2026-07-29T03:00:00,10.7,518,26.4,11.4,90,61.3
IOT0041,R0041,2026-07-29T03:00:00,10.4,157,33.1,10.1,96,61.0
IOT0042,R0042,2026-07-29T03:00:00,12.9,215,86.6,13.4,103,63.7
IOT0043,R0043,2026-07-29T03:00:00,11.9,351,32.8,12.7,84,60.3
IOT0044,R0044,2026-07-29T03:00:00,10.8,192,25.2,10.3,111,56.1
IOT0045,R0045,2026-07-29T03:00:00,12.8,167,27.3,13.4,84,56.2
IOT0046,R0046,2026-07-29T03:00:00,11.8,258,68.0,11.3,115,59.6
IOT0047,R0047,2026-07-29T03:00:00,10.9,333,37.4,10.1,115,61.3
IOT0048,R0048,2026-07-29T03:00:00,12.5,149,26.3,12.1,94,51.9
IOT0049,R0049,2026-07-29T03:00:00,10.4,471,52.0,9.8,116,55.3
IOT0050,R0050,2026-07-29T03:00:00,13.5,349,28.2,13.7,107,60.2
IOT0001,R0001,2026-07-29T04:00:00,14.7,258,41.4,15.8,94,60.7
IOT0002,R0002,2026-07-29T04:00:00,12.7,214,37.8,13.9,113,55.0
IOT0003,R0003,2026-07-29T04:00:00,14.6,684,33.7,14.4,127,62.1
IOT0004,R0004,2026-07-29T04:00:00,12.7,298,53.4,12.9,102,55.8
IOT0005,R0005,2026-07-29T04:00:00,14.6,207,54.9,14.5,73,58.5
IOT0006,R0006,2026-07-29T04:00:00,14.0,234,24.7,13.6,94,54.4
IOT0007,R0007,2026-07-29T04:00:00,13.3,217,43.1,14.6,79,60.8
IOT0008,R0008,2026-07-29T04:00:00,15.4,160,48.7,15.3,83,60.4
IOT0009,R0009,2026-07-29T04:00:00,12.7,334,49.8,11.9,109,65.2
IOT0010,R0010,2026-07-29T04:00:00,15.2,164,27.3,14.6,97,63.7
IOT0011,R0011,2026-07-29T04:00:00,15.5,648,41.0,16.7,111,63.6
IOT0012,R0012,2026-07-29T04:00:00,13.9,213,52.1,14.8,123,62.1
IOT0013,R0013,2026-07-29T04:00:00,12.5,143,53.6,12.5,91,59.9
IOT0014,R0014,2026-07-29T04:00:00,11.5,297,35.4,11.6,102,58.0
IOT0015,R0015,2026-07-29T04:00:00,13.4,155,41.8,13.7,82,61.1
IOT0016,R0016,2026-07-29T04:00:00,10.9,199,52.4,11.6,113,61.7
IOT0017,R0017,2026-07-29T04:00:00,13.4,192,25.3,13.4,121,56.4
IOT0018,R0018,2026-07-29T04:00:00,13.5,723,45.7,13.3,105,55.7
IOT0019,R0019,2026-07-29T04:00:00,13.6,225,87.1,13.3,120,58.5
IOT0020,R0020,2026-07-29T04:00:00,12.0,254,26.2,13.1,85,63.5
IOT0021,R0021,2026-07-29T04:00:00,13.2,198,33.9,13.9,116,61.0
IOT0022,R0022,2026-07-29T04:00:00,13.1,165,84.8,12.3,95,52.6
IOT0023,R0023,2026-07-29T04:00:00,10.9,150,27.1,11.8,113,56.6
IOT0024,R0024,2026-07-29T04:00:00,11.6,168,44.2,10.6,95,64.3
IOT0025,R0025,2026-07-29T04:00:00,13.7,184,52.7,13.6,100,58.1
IOT0026,R0026,2026-07-29T04:00:00,13.3,200,37.1,12.3,104,63.2
IOT0027,R0027,2026-07-29T04:00:00,10.9,196,28.3,11.0,108,61.6
IOT0028,R0028,2026-07-29T04:00:00,14.9,238,26.3,15.4,91,60.3
IOT0029,R0029,2026-07-29T04:00:00,12.8,422,45.6,12.2,108,58.7
IOT0030,R0030,2026-07-29T04:00:00,13.5,232,33.2,13.8,109,66.0
IOT0031,R0031,2026-07-29T04:00:00,11.7,302,42.6,10.6,74,57.0
IOT0032,R0032,2026-07-29T04:00:00,13.4,539,44.3,13.9,115,62.2
IOT0033,R0033,2026-07-29T04:00:00,13.6,192,24.5,12.3,83,61.9
IOT0034,R0034,2026-07-29T04:00:00,11.6,147,89.0,11.2,99,63.2
IOT0035,R0035,2026-07-29T04:00:00,12.1,189,34.8,13.1,117,57.6
IOT0036,R0036,2026-07-29T04:00:00,10.8,260,27.4,10.2,99,61.5
IOT0037,R0037,2026-07-29T04:00:00,14.5,449,46.2,13.8,94,62.0
IOT0038,R0038,2026-07-29T04:00:00,11.5,140,37.7,11.1,101,54.3
IOT0039,R0039,2026-07-29T04:00:00,13.4,187,89.6,14.4,100,56.1
IOT0040,R0040,2026-07-29T04:00:00,15.2,733,27.8,14.3,119,60.9
IOT0041,R0041,2026-07-29T04:00:00,12.1,182,37.4,12.0,104,55.6
IOT0042,R0042,2026-07-29T04:00:00,11.9,198,94.0,12.5,117,61.0
IOT0043,R0043,2026-07-29T04:00:00,11.8,348,33.5,11.1,98,61.0
IOT0044,R0044,2026-07-29T04:00:00,13.1,232,27.0,12.5,87,60.0
IOT0045,R0045,2026-07-29T04:00:00,14.4,188,27.1,13.3,96,56.1
IOT0046,R0046,2026-07-29T04:00:00,12.7,277,67.2,13.0,102,58.8
IOT0047,R0047,2026-07-29T04:00:00,13.8,422,37.2,12.7,117,63.6
IOT0048,R0048,2026-07-29T04:00:00,14.4,172,27.1,15.4,93,58.9
IOT0049,R0049,2026-07-29T04:00:00,15.3,693,50.8,14.8,93,62.3
IOT0050,R0050,2026-07-29T04:00:00,13.9,359,27.0,14.7,104,61.2
IOT0001,R0001,2026-07-29T05:00:00,5.3,94,38.6,5.6,49,54.8
IOT0002,R0002,2026-07-29T05:00:00,5.6,94,32.9,5.7,79,60.4
IOT0003,R0003,2026-07-29T05:00:00,5.2,242,30.7,5.0,86,58.1
IOT0004,R0004,2026-07-29T05:00:00,5.9,137,50.5,5.7,75,56.0
IOT0005,R0005,2026-07-29T05:00:00,5.8,82,50.4,6.4,89,58.3
IOT0006,R0006,2026-07-29T05:00:00,4.7,78,25.6,5.0,32,51.5
IOT0007,R0007,2026-07-29T05:00:00,5.0,81,37.2,5.0,70,59.2
IOT0008,R0008,2026-07-29T05:00:00,4.5,47,46.1,4.8,75,51.8
IOT0009,R0009,2026-07-29T05:00:00,5.9,156,50.2,6.5,44,49.8
IOT0010,R0010,2026-07-29T05:00:00,6.0,65,25.0,5.4,49,62.2
IOT0011,R0011,2026-07-29T05:00:00,4.7,195,41.1,5.0,47,57.1
IOT0012,R0012,2026-07-29T05:00:00,5.7,87,46.3,5.6,58,61.9
IOT0013,R0013,2026-07-29T05:00:00,5.6,64,47.7,5.3,57,58.7
IOT0014,R0014,2026-07-29T05:00:00,5.0,128,33.4,4.6,54,58.3
IOT0015,R0015,2026-07-29T05:00:00,4.6,53,42.8,4.8,50,58.9
IOT0016,R0016,2026-07-29T05:00:00,5.6,103,49.4,6.1,53,52.6
IOT0017,R0017,2026-07-29T05:00:00,6.1,88,23.0,5.9,53,53.1
IOT0018,R0018,2026-07-29T05:00:00,4.6,248,41.2,4.5,60,53.6
IOT0019,R0019,2026-07-29T05:00:00,5.6,93,76.3,5.6,76,58.7
IOT0020,R0020,2026-07-29T05:00:00,4.7,99,22.3,4.3,62,55.6
IOT0021,R0021,2026-07-29T05:00:00,5.3,79,33.5,5.0,84,59.8
IOT0022,R0022,2026-07-29T05:00:00,4.7,59,84.0,4.8,52,59.5
IOT0023,R0023,2026-07-29T05:00:00,4.7,65,24.8,5.0,57,58.4
IOT0024,R0024,2026-07-29T05:00:00,5.5,80,39.4,5.8,73,59.3
IOT0025,R0025,2026-07-29T05:00:00,6.0,80,49.0,5.6,67,56.5
IOT0026,R0026,2026-07-29T05:00:00,6.0,90,32.5,5.5,67,63.0
IOT0027,R0027,2026-07-29T05:00:00,5.1,91,25.3,5.5,64,51.3
IOT0028,R0028,2026-07-29T05:00:00,4.6,73,23.6,4.6,73,61.0
IOT0029,R0029,2026-07-29T05:00:00,4.5,147,42.8,4.4,50,55.5
IOT0030,R0030,2026-07-29T05:00:00,5.6,96,30.6,5.1,33,52.2
IOT0031,R0031,2026-07-29T05:00:00,6.2,159,38.2,5.7,81,63.8
IOT0032,R0032,2026-07-29T05:00:00,5.1,206,37.6,5.3,51,60.7
IOT0033,R0033,2026-07-29T05:00:00,5.4,76,25.6,5.7,51,56.4
IOT0034,R0034,2026-07-29T05:00:00,5.0,64,77.8,5.2,61,54.8
IOT0035,R0035,2026-07-29T05:00:00,5.2,81,33.7,5.5,41,55.3
IOT0036,R0036,2026-07-29T05:00:00,5.3,128,22.5,5.2,63,49.8
IOT0037,R0037,2026-07-29T05:00:00,4.9,150,37.3,4.7,74,54.2
IOT0038,R0038,2026-07-29T05:00:00,5.5,67,31.3,5.7,33,52.6
IOT0039,R0039,2026-07-29T05:00:00,5.8,81,75.5,5.8,66,58.8
IOT0040,R0040,2026-07-29T05:00:00,5.6,271,23.5,5.1,71,60.6
IOT0041,R0041,2026-07-29T05:00:00,4.9,73,33.1,4.7,80,56.2
IOT0042,R0042,2026-07-29T05:00:00,5.0,83,80.9,5.3,73,56.1
IOT0043,R0043,2026-07-29T05:00:00,5.2,153,33.9,4.8,43,59.4
IOT0044,R0044,2026-07-29T05:00:00,4.5,79,22.9,4.1,67,51.2
IOT0045,R0045,2026-07-29T05:00:00,4.7,62,22.1,4.8,57,55.8
IOT0046,R0046,2026-07-29T05:00:00,6.0,130,65.6,5.7,76,63.5
IOT0047,R0047,2026-07-29T05:00:00,4.6,141,29.8,4.3,49,55.9
IOT0048,R0048,2026-07-29T05:00:00,6.1,73,23.4,6.3,72,57.8
IOT0049,R0049,2026-07-29T05:00:00,5.4,242,46.6,5.1,66,54.9
IOT0050,R0050,2026-07-29T05:00:00,5.6,143,24.6,5.5,86,53.4
IOT0001,R0001,2026-07-29T06:00:00,29.7,523,36.1,28.8,111,61.8
IOT0002,R0002,2026-07-29T06:00:00,22.4,378,30.0,23.8,93,62.3
IOT0003,R0003,2026-07-29T06:00:00,28.0,1314,29.9,27.2,115,63.3
IOT0004,R0004,2026-07-29T06:00:00,26.8,627,46.5,25.6,119,61.2
IOT0005,R0005,2026-07-29T06:00:00,28.5,405,42.2,28.1,98,71.5
IOT0006,R0006,2026-07-29T06:00:00,24.8,414,25.5,22.6,110,62.8
IOT0007,R0007,2026-07-29T06:00:00,29.6,482,39.1,28.8,146,67.7
IOT0008,R0008,2026-07-29T06:00:00,25.6,265,50.5,27.8,135,66.9
IOT0009,R0009,2026-07-29T06:00:00,21.6,569,50.3,19.8,118,66.7
IOT0010,R0010,2026-07-29T06:00:00,20.7,223,24.2,21.0,97,59.1
IOT0011,R0011,2026-07-29T06:00:00,28.1,1178,37.3,29.4,117,64.4
IOT0012,R0012,2026-07-29T06:00:00,20.7,316,47.7,19.2,105,56.8
IOT0013,R0013,2026-07-29T06:00:00,22.8,261,45.0,24.6,119,67.0
IOT0014,R0014,2026-07-29T06:00:00,25.7,662,30.3,27.7,128,64.0
IOT0015,R0015,2026-07-29T06:00:00,24.0,278,42.0,23.2,126,63.8
IOT0016,R0016,2026-07-29T06:00:00,25.2,459,45.9,25.6,111,63.4
IOT0017,R0017,2026-07-29T06:00:00,29.3,420,21.1,27.2,136,67.5
IOT0018,R0018,2026-07-29T06:00:00,23.4,1256,38.9,24.2,96,62.5
IOT0019,R0019,2026-07-29T06:00:00,27.8,459,72.2,29.8,109,61.8
IOT0020,R0020,2026-07-29T06:00:00,21.8,462,22.7,21.8,106,62.5
IOT0021,R0021,2026-07-29T06:00:00,22.4,336,33.9,22.7,91,64.5
IOT0022,R0022,2026-07-29T06:00:00,21.3,269,87.2,19.3,93,59.0
IOT0023,R0023,2026-07-29T06:00:00,28.5,392,21.7,28.3,129,71.3
IOT0024,R0024,2026-07-29T06:00:00,20.8,301,41.0,19.5,82,62.4
IOT0025,R0025,2026-07-29T06:00:00,29.1,391,48.3,30.2,111,67.1
IOT0026,R0026,2026-07-29T06:00:00,28.7,433,29.0,31.2,124,58.5
IOT0027,R0027,2026-07-29T06:00:00,23.3,419,23.6,25.0,115,61.5
IOT0028,R0028,2026-07-29T06:00:00,25.6,408,22.3,25.1,94,65.8
IOT0029,R0029,2026-07-29T06:00:00,22.2,731,39.2,20.2,124,63.7
IOT0030,R0030,2026-07-29T06:00:00,27.9,481,31.8,26.4,118,63.2
IOT0031,R0031,2026-07-29T06:00:00,22.1,569,40.8,20.8,100,60.6
IOT0032,R0032,2026-07-29T06:00:00,24.1,971,39.2,22.9,110,62.1
IOT0033,R0033,2026-07-29T06:00:00,23.2,326,25.7,24.8,111,63.6
IOT0034,R0034,2026-07-29T06:00:00,23.9,303,74.0,24.3,93,61.6
IOT0035,R0035,2026-07-29T06:00:00,24.3,379,33.9,26.2,124,65.3
IOT0036,R0036,2026-07-29T06:00:00,27.6,663,21.7,29.7,116,64.5
IOT0037,R0037,2026-07-29T06:00:00,24.2,746,41.4,23.4,116,63.4
IOT0038,R0038,2026-07-29T06:00:00,26.4,322,29.6,25.5,113,63.9
IOT0039,R0039,2026-07-29T06:00:00,29.2,406,80.5,28.4,116,65.0
IOT0040,R0040,2026-07-29T06:00:00,26.4,1273,24.4,28.4,111,62.1
IOT0041,R0041,2026-07-29T06:00:00,23.7,357,31.0,24.1,90,61.9
IOT0042,R0042,2026-07-29T06:00:00,23.9,399,75.3,24.1,109,61.4
IOT0043,R0043,2026-07-29T06:00:00,28.1,827,30.0,28.1,132,61.5
IOT0044,R0044,2026-07-29T06:00:00,22.5,398,23.2,21.7,109,60.5
IOT0045,R0045,2026-07-29T06:00:00,26.5,347,23.6,27.9,124,63.1
IOT0046,R0046,2026-07-29T06:00:00,24.0,523,66.8,21.9,160,59.8
IOT0047,R0047,2026-07-29T06:00:00,24.9,762,33.0,25.3,138,64.5
IOT0048,R0048,2026-07-29T06:00:00,21.6,258,25.8,21.0,126,58.9
IOT0049,R0049,2026-07-29T06:00:00,26.9,1216,43.0,26.3,107,73.3
IOT0050,R0050,2026-07-29T06:00:00,23.6,607,22.3,21.3,124,64.3
IOT0001,R0001,2026-07-29T07:00:00,52.4,922,23.1,54.5,123,75.6
IOT0002,R0002,2026-07-29T07:00:00,50.6,854,19.0,54.0,119,76.2
IOT0003,R0003,2026-07-29T07:00:00,44.9,2111,21.6,46.3,107,69.7
IOT0004,R0004,2026-07-29T07:00:00,50.8,1189,32.3,49.1,126,79.3
IOT0005,R0005,2026-07-29T07:00:00,63.7,904,24.2,65.1,141,82.3
IOT0006,R0006,2026-07-29T07:00:00,55.5,925,15.1,56.3,133,74.1
IOT0007,R0007,2026-07-29T07:00:00,55.3,900,22.7,58.0,152,76.0
IOT0008,R0008,2026-07-29T07:00:00,62.8,651,25.0,57.3,134,72.4
IOT0009,R0009,2026-07-29T07:00:00,59.7,1575,26.2,54.3,97,77.2
IOT0010,R0010,2026-07-29T07:00:00,59.3,639,13.7,65.1,116,70.9
IOT0011,R0011,2026-07-29T07:00:00,45.8,1917,25.8,50.3,117,66.7
IOT0012,R0012,2026-07-29T07:00:00,49.2,753,32.1,51.1,118,73.8
IOT0013,R0013,2026-07-29T07:00:00,53.1,609,28.7,56.4,121,70.7
IOT0014,R0014,2026-07-29T07:00:00,53.5,1377,19.5,56.1,153,73.9
IOT0015,R0015,2026-07-29T07:00:00,62.6,724,21.7,62.1,144,75.8
IOT0016,R0016,2026-07-29T07:00:00,60.7,1108,25.9,59.7,140,75.3
IOT0017,R0017,2026-07-29T07:00:00,61.4,881,12.8,59.9,139,81.3
IOT0018,R0018,2026-07-29T07:00:00,63.3,3396,21.7,61.9,142,81.0
IOT0019,R0019,2026-07-29T07:00:00,60.6,1001,46.6,65.7,154,72.1
IOT0020,R0020,2026-07-29T07:00:00,45.8,970,15.9,48.2,117,67.6
IOT0021,R0021,2026-07-29T07:00:00,53.6,803,20.2,54.9,127,78.6
IOT0022,R0022,2026-07-29T07:00:00,57.2,721,44.2,60.2,138,76.5
IOT0023,R0023,2026-07-29T07:00:00,55.5,764,13.6,54.0,121,74.3
IOT0024,R0024,2026-07-29T07:00:00,59.5,862,22.4,61.7,130,75.6
IOT0025,R0025,2026-07-29T07:00:00,63.7,855,26.2,69.6,145,72.4
IOT0026,R0026,2026-07-29T07:00:00,53.1,802,19.5,48.6,115,71.3
IOT0027,R0027,2026-07-29T07:00:00,55.1,991,14.8,52.3,102,75.4
IOT0028,R0028,2026-07-29T07:00:00,53.5,852,13.8,57.5,128,77.3
IOT0029,R0029,2026-07-29T07:00:00,44.8,1475,25.2,42.8,120,71.1
IOT0030,R0030,2026-07-29T07:00:00,49.6,854,21.0,48.5,144,74.8
IOT0031,R0031,2026-07-29T07:00:00,55.6,1432,22.4,55.3,90,74.0
IOT0032,R0032,2026-07-29T07:00:00,56.6,2277,24.2,51.4,134,77.7
IOT0033,R0033,2026-07-29T07:00:00,63.9,900,12.8,67.5,132,77.5
IOT0034,R0034,2026-07-29T07:00:00,57.5,730,43.2,60.9,124,69.0
IOT0035,R0035,2026-07-29T07:00:00,47.1,736,20.6,45.6,95,69.9
IOT0036,R0036,2026-07-29T07:00:00,56.5,1357,13.8,53.5,109,71.8
IOT0037,R0037,2026-07-29T07:00:00,61.6,1901,21.3,58.3,142,79.4
IOT0038,R0038,2026-07-29T07:00:00,46.5,568,22.2,46.8,117,64.2
IOT0039,R0039,2026-07-29T07:00:00,48.3,672,51.5,52.2,113,74.5
IOT0040,R0040,2026-07-29T07:00:00,58.7,2832,13.7,63.8,155,74.4
IOT0041,R0041,2026-07-29T07:00:00,48.6,732,19.8,47.9,116,67.7
IOT0042,R0042,2026-07-29T07:00:00,51.1,852,50.8,47.1,128,73.4
IOT0043,R0043,2026-07-29T07:00:00,57.9,1704,18.2,62.5,109,74.6
IOT0044,R0044,2026-07-29T07:00:00,58.9,1043,14.5,54.2,131,77.2
IOT0045,R0045,2026-07-29T07:00:00,49.9,653,14.3,48.4,130,75.5
IOT0046,R0046,2026-07-29T07:00:00,47.2,1029,40.9,45.3,146,76.8
IOT0047,R0047,2026-07-29T07:00:00,55.9,1707,19.2,53.7,105,80.7
IOT0048,R0048,2026-07-29T07:00:00,52.2,623,15.1,49.0,122,73.0
IOT0049,R0049,2026-07-29T07:00:00,59.1,2669,28.9,60.4,165,78.5
IOT0050,R0050,2026-07-29T07:00:00,56.4,1453,13.4,60.2,108,69.2
IOT0001,R0001,2026-07-29T08:00:00,91.5,1611,14.4,90.4,208,87.0
IOT0002,R0002,2026-07-29T08:00:00,83.0,1401,14.1,85.5,186,84.5
IOT0003,R0003,2026-07-29T08:00:00,98.0,4604,9.1,99.3,190,95.9
IOT0004,R0004,2026-07-29T08:00:00,86.3,2018,20.1,93.4,199,84.8
IOT0005,R0005,2026-07-29T08:00:00,81.2,1152,22.2,75.4,164,82.2
IOT0006,R0006,2026-07-29T08:00:00,100.0,1701,7.2,100.0,197,93.4
IOT0007,R0007,2026-07-29T08:00:00,82.9,1349,18.3,83.9,210,88.1
IOT0008,R0008,2026-07-29T08:00:00,87.5,907,18.6,79.7,226,86.6
IOT0009,R0009,2026-07-29T08:00:00,72.8,1921,25.9,76.9,199,82.4
IOT0010,R0010,2026-07-29T08:00:00,87.8,946,8.9,96.1,188,87.9
IOT0011,R0011,2026-07-29T08:00:00,88.9,3722,15.7,92.3,198,87.1
IOT0012,R0012,2026-07-29T08:00:00,87.8,1343,18.8,80.8,201,85.5
IOT0013,R0013,2026-07-29T08:00:00,75.8,869,25.7,73.2,141,81.3
IOT0014,R0014,2026-07-29T08:00:00,78.6,2023,15.4,82.0,173,83.6
IOT0015,R0015,2026-07-29T08:00:00,74.4,860,21.1,71.8,176,83.9
IOT0016,R0016,2026-07-29T08:00:00,73.6,1343,23.6,80.2,171,80.8
IOT0017,R0017,2026-07-29T08:00:00,76.2,1092,11.3,79.5,169,84.6
IOT0018,R0018,2026-07-29T08:00:00,99.2,5326,11.1,100.0,199,90.1
IOT0019,R0019,2026-07-29T08:00:00,73.7,1218,41.9,73.7,206,79.8
IOT0020,R0020,2026-07-29T08:00:00,90.6,1918,8.6,85.2,178,89.2
IOT0021,R0021,2026-07-29T08:00:00,75.8,1136,15.9,74.1,149,86.4
IOT0022,R0022,2026-07-29T08:00:00,96.7,1219,26.8,87.9,228,92.1
IOT0023,R0023,2026-07-29T08:00:00,99.9,1375,6.9,91.8,200,84.7
IOT0024,R0024,2026-07-29T08:00:00,81.5,1181,18.6,86.2,183,88.7
IOT0025,R0025,2026-07-29T08:00:00,87.7,1177,19.8,82.2,201,87.9
IOT0026,R0026,2026-07-29T08:00:00,82.5,1245,15.2,79.8,218,86.2
IOT0027,R0027,2026-07-29T08:00:00,87.8,1580,10.1,95.3,220,83.6
IOT0028,R0028,2026-07-29T08:00:00,89.8,1429,8.7,83.9,220,88.1
IOT0029,R0029,2026-07-29T08:00:00,99.5,3274,11.5,93.1,216,85.4
IOT0030,R0030,2026-07-29T08:00:00,75.6,1303,15.1,80.0,162,84.2
IOT0031,R0031,2026-07-29T08:00:00,84.4,2173,17.4,79.0,192,88.7
IOT0032,R0032,2026-07-29T08:00:00,94.1,3788,14.4,85.0,201,88.2
IOT0033,R0033,2026-07-29T08:00:00,76.4,1076,12.2,81.2,169,79.9
IOT0034,R0034,2026-07-29T08:00:00,85.3,1083,35.5,82.3,188,86.9
IOT0035,R0035,2026-07-29T08:00:00,100.0,1577,9.2,100.0,219,89.5
IOT0036,R0036,2026-07-29T08:00:00,82.3,1976,10.2,84.5,177,89.2
IOT0037,R0037,2026-07-29T08:00:00,96.6,2982,12.9,99.2,186,85.4
IOT0038,R0038,2026-07-29T08:00:00,78.2,956,16.2,72.7,162,84.5
IOT0039,R0039,2026-07-29T08:00:00,79.6,1107,38.5,81.6,170,77.4
IOT0040,R0040,2026-07-29T08:00:00,82.8,3997,10.6,82.8,181,82.2
IOT0041,R0041,2026-07-29T08:00:00,100.0,1560,8.6,94.8,239,88.5
IOT0042,R0042,2026-07-29T08:00:00,78.9,1316,39.9,85.4,201,83.3
IOT0043,R0043,2026-07-29T08:00:00,90.4,2662,11.0,84.9,199,87.5
IOT0044,R0044,2026-07-29T08:00:00,86.6,1533,10.2,94.0,217,87.5
IOT0045,R0045,2026-07-29T08:00:00,75.2,984,12.4,72.9,186,81.5
IOT0046,R0046,2026-07-29T08:00:00,84.7,1848,28.6,82.7,204,78.4
IOT0047,R0047,2026-07-29T08:00:00,100.0,3119,9.3,96.9,227,92.5
IOT0048,R0048,2026-07-29T08:00:00,93.9,1120,8.0,84.8,173,88.9
IOT0049,R0049,2026-07-29T08:00:00,81.2,3669,21.4,74.4,175,83.9
IOT0050,R0050,2026-07-29T08:00:00,96.7,2491,8.0,100.0,211,90.6
IOT0001,R0001,2026-07-29T09:00:00,100.0,1768,10.5,97.0,216,88.1
IOT0002,R0002,2026-07-29T09:00:00,85.3,1439,13.0,81.2,189,87.9
IOT0003,R0003,2026-07-29T09:00:00,97.3,4573,10.1,87.9,206,92.0
IOT0004,R0004,2026-07-29T09:00:00,88.5,2069,19.5,84.2,224,82.6
IOT0005,R0005,2026-07-29T09:00:00,100.0,1487,12.8,100.0,205,89.7
IOT0006,R0006,2026-07-29T09:00:00,83.2,1387,10.2,81.9,185,88.6
IOT0007,R0007,2026-07-29T09:00:00,89.0,1449,15.6,89.5,199,82.5
IOT0008,R0008,2026-07-29T09:00:00,100.0,1043,12.9,100.0,224,97.3
IOT0009,R0009,2026-07-29T09:00:00,85.9,2266,19.8,78.0,192,86.1
IOT0010,R0010,2026-07-29T09:00:00,87.7,945,9.4,79.2,181,89.6
IOT0011,R0011,2026-07-29T09:00:00,95.3,3993,13.8,97.5,196,85.1
IOT0012,R0012,2026-07-29T09:00:00,95.8,1466,15.8,95.5,204,84.9
IOT0013,R0013,2026-07-29T09:00:00,99.2,1138,13.7,90.2,220,89.6
IOT0014,R0014,2026-07-29T09:00:00,76.2,1960,16.6,80.7,185,83.4
IOT0015,R0015,2026-07-29T09:00:00,77.2,892,19.4,83.1,163,75.3
IOT0016,R0016,2026-07-29T09:00:00,89.9,1641,18.1,84.5,198,87.6
IOT0017,R0017,2026-07-29T09:00:00,99.8,1431,6.9,96.3,228,89.9
IOT0018,R0018,2026-07-29T09:00:00,100.0,5619,11.2,100.0,234,92.9
IOT0019,R0019,2026-07-29T09:00:00,88.7,1466,33.2,97.0,170,90.0
IOT0020,R0020,2026-07-29T09:00:00,78.7,1667,12.2,76.3,209,84.7
IOT0021,R0021,2026-07-29T09:00:00,78.2,1172,15.7,74.2,168,84.9
IOT0022,R0022,2026-07-29T09:00:00,100.0,1324,21.5,100.0,217,95.5
IOT0023,R0023,2026-07-29T09:00:00,94.5,1301,7.4,93.4,217,83.5
IOT0024,R0024,2026-07-29T09:00:00,93.0,1347,13.4,97.0,181,89.8
IOT0025,R0025,2026-07-29T09:00:00,100.0,1401,13.1,96.0,205,92.4
IOT0026,R0026,2026-07-29T09:00:00,80.2,1210,14.5,83.5,208,86.2
IOT0027,R0027,2026-07-29T09:00:00,91.6,1648,8.3,89.7,190,91.9
IOT0028,R0028,2026-07-29T09:00:00,87.0,1385,10.3,90.4,188,84.0
IOT0029,R0029,2026-07-29T09:00:00,100.0,3581,11.2,100.0,218,90.7
IOT0030,R0030,2026-07-29T09:00:00,100.0,1819,8.9,93.2,231,89.1
IOT0031,R0031,2026-07-29T09:00:00,100.0,2797,10.5,94.9,232,92.4
IOT0032,R0032,2026-07-29T09:00:00,99.9,4021,10.9,100.0,210,90.3
IOT0033,R0033,2026-07-29T09:00:00,77.2,1087,11.0,72.9,193,79.4
IOT0034,R0034,2026-07-29T09:00:00,80.4,1021,37.0,75.1,189,80.8
IOT0035,R0035,2026-07-29T09:00:00,90.1,1408,11.1,87.3,188,88.9
IOT0036,R0036,2026-07-29T09:00:00,76.3,1832,12.6,74.4,158,83.3
IOT0037,R0037,2026-07-29T09:00:00,90.3,2789,15.0,82.8,195,88.0
IOT0038,R0038,2026-07-29T09:00:00,88.9,1086,13.1,89.7,188,80.7
IOT0039,R0039,2026-07-29T09:00:00,87.1,1211,32.7,79.1,216,83.9
IOT0040,R0040,2026-07-29T09:00:00,100.0,5209,6.8,100.0,185,86.6
IOT0041,R0041,2026-07-29T09:00:00,85.2,1282,14.4,93.5,195,86.4
IOT0042,R0042,2026-07-29T09:00:00,95.2,1588,25.2,91.7,203,84.9
IOT0043,R0043,2026-07-29T09:00:00,89.4,2633,13.1,86.5,198,83.6
IOT0044,R0044,2026-07-29T09:00:00,95.1,1685,7.3,100.0,203,86.2
IOT0045,R0045,2026-07-29T09:00:00,90.5,1185,8.9,92.5,218,83.7
IOT0046,R0046,2026-07-29T09:00:00,86.5,1886,24.4,84.2,174,84.0
IOT0047,R0047,2026-07-29T09:00:00,100.0,3301,9.6,94.3,188,93.2
IOT0048,R0048,2026-07-29T09:00:00,94.9,1132,8.4,94.7,239,85.3
IOT0049,R0049,2026-07-29T09:00:00,100.0,4650,14.4,99.6,217,93.2
IOT0050,R0050,2026-07-29T09:00:00,81.3,2094,11.7,75.0,193,84.6
IOT0001,R0001,2026-07-29T10:00:00,67.0,1180,23.4,71.5,179,76.7
IOT0002,R0002,2026-07-29T10:00:00,79.6,1343,16.3,81.7,220,88.2
IOT0003,R0003,2026-07-29T10:00:00,74.5,3499,16.7,68.7,209,79.2
IOT0004,R0004,2026-07-29T10:00:00,64.7,1514,31.5,60.3,147,80.8
IOT0005,R0005,2026-07-29T10:00:00,73.4,1041,25.9,75.4,206,77.8
IOT0006,R0006,2026-07-29T10:00:00,74.6,1244,12.8,79.3,204,76.5
IOT0007,R0007,2026-07-29T10:00:00,86.4,1406,16.6,90.9,196,83.9
IOT0008,R0008,2026-07-29T10:00:00,80.6,836,21.1,80.9,220,85.1
IOT0009,R0009,2026-07-29T10:00:00,69.4,1831,27.0,64.7,161,79.2
IOT0010,R0010,2026-07-29T10:00:00,73.0,787,13.4,79.8,163,79.5
IOT0011,R0011,2026-07-29T10:00:00,69.3,2902,23.8,71.2,172,80.5
IOT0012,R0012,2026-07-29T10:00:00,66.1,1012,28.8,67.8,191,78.6
IOT0013,R0013,2026-07-29T10:00:00,60.5,694,32.0,65.4,164,81.2
IOT0014,R0014,2026-07-29T10:00:00,72.0,1853,18.7,73.6,179,82.9
IOT0015,R0015,2026-07-29T10:00:00,83.0,960,16.6,89.6,178,82.4
IOT0016,R0016,2026-07-29T10:00:00,83.1,1517,21.4,91.1,186,84.9
IOT0017,R0017,2026-07-29T10:00:00,70.1,1005,12.6,63.8,186,80.9
IOT0018,R0018,2026-07-29T10:00:00,70.7,3794,23.5,71.3,205,79.9
IOT0019,R0019,2026-07-29T10:00:00,85.8,1417,35.5,83.6,211,86.6
IOT0020,R0020,2026-07-29T10:00:00,69.5,1471,14.4,66.3,171,80.1
IOT0021,R0021,2026-07-29T10:00:00,72.0,1078,16.9,70.3,176,78.9
IOT0022,R0022,2026-07-29T10:00:00,78.4,988,37.4,77.4,195,85.8
IOT0023,R0023,2026-07-29T10:00:00,61.6,848,14.3,57.7,158,77.0
IOT0024,R0024,2026-07-29T10:00:00,69.6,1008,22.0,73.4,197,83.3
IOT0025,R0025,2026-07-29T10:00:00,68.7,922,26.3,71.2,197,77.0
IOT0026,R0026,2026-07-29T10:00:00,86.0,1297,13.0,94.6,229,88.4
IOT0027,R0027,2026-07-29T10:00:00,75.5,1358,13.2,73.2,184,77.1
IOT0028,R0028,2026-07-29T10:00:00,78.2,1245,12.0,71.1,163,82.8
IOT0029,R0029,2026-07-29T10:00:00,62.6,2061,26.0,58.6,138,79.4
IOT0030,R0030,2026-07-29T10:00:00,76.0,1309,16.8,82.8,178,81.2
IOT0031,R0031,2026-07-29T10:00:00,82.4,2123,16.6,81.1,211,84.8
IOT0032,R0032,2026-07-29T10:00:00,72.4,2915,20.7,73.5,178,83.1
IOT0033,R0033,2026-07-29T10:00:00,85.4,1202,9.4,86.5,222,84.7
IOT0034,R0034,2026-07-29T10:00:00,69.4,882,46.3,70.9,164,77.9
IOT0035,R0035,2026-07-29T10:00:00,63.6,993,19.3,62.3,153,77.2
IOT0036,R0036,2026-07-29T10:00:00,65.9,1583,14.2,60.3,190,78.2
IOT0037,R0037,2026-07-29T10:00:00,66.0,2038,23.5,68.0,186,76.6
IOT0038,R0038,2026-07-29T10:00:00,86.0,1051,14.1,85.9,208,83.7
IOT0039,R0039,2026-07-29T10:00:00,66.6,927,44.4,72.6,178,78.3
IOT0040,R0040,2026-07-29T10:00:00,67.3,3249,14.1,65.0,158,77.4
IOT0041,R0041,2026-07-29T10:00:00,82.9,1247,14.9,89.1,201,83.6
IOT0042,R0042,2026-07-29T10:00:00,78.4,1307,37.6,70.7,228,83.9
IOT0043,R0043,2026-07-29T10:00:00,78.8,2320,14.2,84.6,178,83.9
IOT0044,R0044,2026-07-29T10:00:00,68.9,1221,14.2,64.2,156,81.1
IOT0045,R0045,2026-07-29T10:00:00,68.3,894,14.5,71.3,185,79.7
IOT0046,R0046,2026-07-29T10:00:00,72.0,1571,36.0,69.3,193,74.9
IOT0047,R0047,2026-07-29T10:00:00,86.3,2637,12.6,88.3,178,90.9
IOT0048,R0048,2026-07-29T10:00:00,76.4,911,12.8,74.8,182,81.6
IOT0049,R0049,2026-07-29T10:00:00,80.1,3620,22.7,73.4,191,84.9
IOT0050,R0050,2026-07-29T10:00:00,72.8,1875,12.5,69.1,174,82.2
IOT0001,R0001,2026-07-29T11:00:00,72.2,1270,18.8,72.8,158,75.1
IOT0002,R0002,2026-07-29T11:00:00,59.0,996,17.4,56.8,159,75.4
IOT0003,R0003,2026-07-29T11:00:00,65.6,3083,15.6,69.3,131,79.5
IOT0004,R0004,2026-07-29T11:00:00,65.9,1542,23.6,65.7,159,81.4
IOT0005,R0005,2026-07-29T11:00:00,61.1,867,28.1,65.4,125,77.1
IOT0006,R0006,2026-07-29T11:00:00,75.6,1261,9.8,69.2,176,83.0
IOT0007,R0007,2026-07-29T11:00:00,78.2,1273,17.2,82.0,150,89.7
IOT0008,R0008,2026-07-29T11:00:00,74.0,767,22.5,80.2,149,74.7
IOT0009,R0009,2026-07-29T11:00:00,74.1,1955,21.2,71.1,138,78.6
IOT0010,R0010,2026-07-29T11:00:00,58.6,632,13.9,57.1,103,73.8
IOT0011,R0011,2026-07-29T11:00:00,68.8,2880,18.9,72.0,164,80.9
IOT0012,R0012,2026-07-29T11:00:00,61.1,935,27.1,55.6,171,79.5
IOT0013,R0013,2026-07-29T11:00:00,61.9,710,24.5,66.3,146,72.7
IOT0014,R0014,2026-07-29T11:00:00,79.9,2057,12.8,80.6,158,85.5
IOT0015,R0015,2026-07-29T11:00:00,60.5,699,22.7,60.7,135,79.9
IOT0016,R0016,2026-07-29T11:00:00,78.7,1436,20.0,85.1,158,82.8
IOT0017,R0017,2026-07-29T11:00:00,60.6,869,12.4,64.8,135,71.7
IOT0018,R0018,2026-07-29T11:00:00,61.2,3285,21.1,57.3,137,75.7
IOT0019,R0019,2026-07-29T11:00:00,81.6,1348,31.4,76.6,167,87.2
IOT0020,R0020,2026-07-29T11:00:00,75.7,1604,9.8,77.7,183,80.6
IOT0021,R0021,2026-07-29T11:00:00,64.7,969,17.0,64.9,152,77.2
IOT0022,R0022,2026-07-29T11:00:00,82.9,1045,28.9,89.9,151,84.0
IOT0023,R0023,2026-07-29T11:00:00,81.3,1119,8.6,86.2,162,79.5
IOT0024,R0024,2026-07-29T11:00:00,76.1,1102,18.1,72.2,156,77.2
IOT0025,R0025,2026-07-29T11:00:00,82.4,1106,17.0,88.3,167,88.4
IOT0026,R0026,2026-07-29T11:00:00,74.1,1118,14.6,77.4,155,83.3
IOT0027,R0027,2026-07-29T11:00:00,74.2,1335,11.5,76.4,119,83.7
IOT0028,R0028,2026-07-29T11:00:00,68.8,1096,10.9,66.2,141,81.6
IOT0029,R0029,2026-07-29T11:00:00,78.6,2589,16.9,71.9,139,76.5
IOT0030,R0030,2026-07-29T11:00:00,59.1,1019,17.9,60.1,70,72.3
IOT0031,R0031,2026-07-29T11:00:00,81.2,2092,15.9,87.3,179,78.7
IOT0032,R0032,2026-07-29T11:00:00,71.1,2860,17.5,64.6,148,81.5
IOT0033,R0033,2026-07-29T11:00:00,66.8,941,12.0,62.0,128,77.1
IOT0034,R0034,2026-07-29T11:00:00,75.0,952,35.9,78.0,153,84.0
IOT0035,R0035,2026-07-29T11:00:00,64.5,1008,16.2,69.4,146,79.2
IOT0036,R0036,2026-07-29T11:00:00,74.3,1785,9.9,81.0,150,82.5
IOT0037,R0037,2026-07-29T11:00:00,79.8,2463,17.0,82.7,153,83.4
IOT0038,R0038,2026-07-29T11:00:00,69.3,847,14.5,67.5,154,80.1
IOT0039,R0039,2026-07-29T11:00:00,78.5,1092,31.5,75.9,154,82.6
IOT0040,R0040,2026-07-29T11:00:00,79.0,3812,10.3,84.0,158,80.5
IOT0041,R0041,2026-07-29T11:00:00,71.7,1079,14.2,67.5,150,75.8
IOT0042,R0042,2026-07-29T11:00:00,80.8,1347,32.9,74.0,160,80.1
IOT0043,R0043,2026-07-29T11:00:00,59.0,1737,19.1,54.4,125,75.9
IOT0044,R0044,2026-07-29T11:00:00,66.4,1176,12.3,60.1,174,81.8
IOT0045,R0045,2026-07-29T11:00:00,76.9,1006,10.3,80.3,172,82.7
IOT0046,R0046,2026-07-29T11:00:00,62.5,1363,32.8,64.7,140,73.8
IOT0047,R0047,2026-07-29T11:00:00,72.6,2219,15.4,74.5,157,82.6
IOT0048,R0048,2026-07-29T11:00:00,59.0,704,13.7,60.9,146,77.4
IOT0049,R0049,2026-07-29T11:00:00,66.0,2984,23.9,71.2,124,73.6
IOT0050,R0050,2026-07-29T11:00:00,64.7,1666,11.6,71.1,139,77.8
IOT0001,R0001,2026-07-29T12:00:00,40.7,717,34.7,40.3,129,71.7
IOT0002,R0002,2026-07-29T12:00:00,35.4,597,27.7,34.9,114,64.7
IOT0003,R0003,2026-07-29T12:00:00,34.3,1614,29.5,36.4,152,62.9
IOT0004,R0004,2026-07-29T12:00:00,46.2,1080,38.5,47.7,130,69.1
IOT0005,R0005,2026-07-29T12:00:00,34.0,482,45.3,30.7,139,67.8
IOT0006,R0006,2026-07-29T12:00:00,41.3,688,20.8,42.3,139,73.0
IOT0007,R0007,2026-07-29T12:00:00,44.3,722,29.9,41.9,140,67.9
IOT0008,R0008,2026-07-29T12:00:00,44.6,462,37.2,47.4,143,65.6
IOT0009,R0009,2026-07-29T12:00:00,37.0,975,44.8,37.3,141,72.5
IOT0010,R0010,2026-07-29T12:00:00,40.7,439,19.1,41.2,144,69.1
IOT0011,R0011,2026-07-29T12:00:00,35.0,1466,34.2,35.8,118,65.0
IOT0012,R0012,2026-07-29T12:00:00,45.5,696,36.3,48.5,140,71.0
IOT0013,R0013,2026-07-29T12:00:00,43.2,496,39.1,39.5,156,73.9
IOT0014,R0014,2026-07-29T12:00:00,34.6,890,29.3,37.1,138,66.6
IOT0015,R0015,2026-07-29T12:00:00,34.7,401,36.7,34.3,118,65.7
IOT0016,R0016,2026-07-29T12:00:00,43.2,789,37.9,47.2,161,66.9
IOT0017,R0017,2026-07-29T12:00:00,38.2,548,22.2,41.2,126,67.8
IOT0018,R0018,2026-07-29T12:00:00,36.7,1970,34.2,34.5,139,68.4
IOT0019,R0019,2026-07-29T12:00:00,36.1,596,74.9,35.7,131,65.9
IOT0020,R0020,2026-07-29T12:00:00,45.2,958,17.9,48.1,148,70.5
IOT0021,R0021,2026-07-29T12:00:00,45.4,680,24.1,47.5,129,72.3
IOT0022,R0022,2026-07-29T12:00:00,38.9,490,73.0,42.2,127,73.5
IOT0023,R0023,2026-07-29T12:00:00,36.7,506,20.0,33.5,124,65.6
IOT0024,R0024,2026-07-29T12:00:00,33.8,490,34.1,32.5,136,70.5
IOT0025,R0025,2026-07-29T12:00:00,38.5,517,43.0,36.6,132,64.7
IOT0026,R0026,2026-07-29T12:00:00,34.3,518,29.3,34.4,138,65.9
IOT0027,R0027,2026-07-29T12:00:00,33.9,609,20.5,31.8,123,60.1
IOT0028,R0028,2026-07-29T12:00:00,44.2,703,18.9,40.5,147,70.1
IOT0029,R0029,2026-07-29T12:00:00,40.1,1321,34.6,43.9,140,69.2
IOT0030,R0030,2026-07-29T12:00:00,41.4,714,25.6,38.9,120,69.2
IOT0031,R0031,2026-07-29T12:00:00,39.0,1004,36.2,40.9,156,70.3
IOT0032,R0032,2026-07-29T12:00:00,44.3,1785,34.6,45.9,157,72.0
IOT0033,R0033,2026-07-29T12:00:00,42.3,596,20.3,44.4,116,70.4
IOT0034,R0034,2026-07-29T12:00:00,46.5,590,64.4,49.3,117,70.6
IOT0035,R0035,2026-07-29T12:00:00,43.9,685,24.3,41.0,147,70.9
IOT0036,R0036,2026-07-29T12:00:00,45.4,1091,18.7,49.1,125,73.1
IOT0037,R0037,2026-07-29T12:00:00,38.6,1192,33.9,40.8,139,66.3
IOT0038,R0038,2026-07-29T12:00:00,43.3,529,27.8,46.3,147,69.8
IOT0039,R0039,2026-07-29T12:00:00,34.9,486,75.4,37.6,114,64.3
IOT0040,R0040,2026-07-29T12:00:00,36.1,1743,19.7,33.2,170,63.1
IOT0041,R0041,2026-07-29T12:00:00,45.4,684,25.9,45.7,121,67.9
IOT0042,R0042,2026-07-29T12:00:00,36.2,603,72.7,33.6,151,70.7
IOT0043,R0043,2026-07-29T12:00:00,37.8,1114,28.2,40.7,142,71.2
IOT0044,R0044,2026-07-29T12:00:00,44.2,783,18.5,47.4,156,70.1
IOT0045,R0045,2026-07-29T12:00:00,38.3,501,20.9,41.6,104,65.2
IOT0046,R0046,2026-07-29T12:00:00,32.7,714,62.1,34.6,133,67.0
IOT0047,R0047,2026-07-29T12:00:00,44.2,1349,27.7,42.4,128,71.2
IOT0048,R0048,2026-07-29T12:00:00,36.2,432,21.6,37.9,136,66.1
IOT0049,R0049,2026-07-29T12:00:00,45.5,2057,38.0,45.2,129,67.8
IOT0050,R0050,2026-07-29T12:00:00,34.4,887,23.1,36.5,142,65.7
IOT0001,R0001,2026-07-29T13:00:00,26.3,463,36.5,26.4,100,67.7
IOT0002,R0002,2026-07-29T13:00:00,31.5,532,29.0,33.7,96,64.0
IOT0003,R0003,2026-07-29T13:00:00,26.8,1257,33.3,24.7,138,64.2
IOT0004,R0004,2026-07-29T13:00:00,27.5,643,43.8,27.6,125,72.5
IOT0005,R0005,2026-07-29T13:00:00,31.6,448,42.8,29.0,136,63.3
IOT0006,R0006,2026-07-29T13:00:00,23.8,397,22.5,25.8,142,68.8
IOT0007,R0007,2026-07-29T13:00:00,32.7,532,36.5,33.2,110,66.7
IOT0008,R0008,2026-07-29T13:00:00,27.8,288,47.5,25.5,121,63.2
IOT0009,R0009,2026-07-29T13:00:00,25.0,660,46.2,26.1,128,63.6
IOT0010,R0010,2026-07-29T13:00:00,23.9,258,23.4,21.7,126,64.3
IOT0011,R0011,2026-07-29T13:00:00,33.4,1399,36.1,33.7,132,70.6
IOT0012,R0012,2026-07-29T13:00:00,27.6,423,48.2,27.9,114,67.6
IOT0013,R0013,2026-07-29T13:00:00,32.3,370,43.4,32.8,103,69.3
IOT0014,R0014,2026-07-29T13:00:00,29.7,763,29.7,29.0,115,64.2
IOT0015,R0015,2026-07-29T13:00:00,24.2,280,36.7,24.0,121,64.1
IOT0016,R0016,2026-07-29T13:00:00,25.6,468,44.9,27.7,106,64.8
IOT0017,R0017,2026-07-29T13:00:00,26.5,380,23.3,28.1,141,65.3
IOT0018,R0018,2026-07-29T13:00:00,33.0,1773,38.3,36.0,130,61.5
IOT0019,R0019,2026-07-29T13:00:00,27.4,452,80.1,29.9,124,62.8
IOT0020,R0020,2026-07-29T13:00:00,23.3,494,22.2,25.3,126,61.9
IOT0021,R0021,2026-07-29T13:00:00,27.9,418,30.7,27.0,108,67.0
IOT0022,R0022,2026-07-29T13:00:00,27.5,347,79.5,26.7,126,67.6
IOT0023,R0023,2026-07-29T13:00:00,30.7,423,21.4,32.1,126,65.1
IOT0024,R0024,2026-07-29T13:00:00,29.3,424,36.1,31.2,126,66.5
IOT0025,R0025,2026-07-29T13:00:00,29.7,398,47.4,29.3,134,69.4
IOT0026,R0026,2026-07-29T13:00:00,25.8,390,33.0,25.3,122,66.2
IOT0027,R0027,2026-07-29T13:00:00,27.8,500,23.0,28.0,117,63.3
IOT0028,R0028,2026-07-29T13:00:00,29.6,472,22.1,29.8,109,63.2
IOT0029,R0029,2026-07-29T13:00:00,28.2,927,38.1,28.1,128,63.4
IOT0030,R0030,2026-07-29T13:00:00,32.6,561,30.6,31.5,110,67.1
IOT0031,R0031,2026-07-29T13:00:00,30.6,787,37.8,32.3,143,64.6
IOT0032,R0032,2026-07-29T13:00:00,25.2,1015,39.1,23.9,126,59.9
IOT0033,R0033,2026-07-29T13:00:00,32.5,458,21.4,34.5,153,68.1
IOT0034,R0034,2026-07-29T13:00:00,28.7,364,77.5,31.3,136,68.2
IOT0035,R0035,2026-07-29T13:00:00,24.6,384,31.0,26.3,142,67.2
IOT0036,R0036,2026-07-29T13:00:00,29.6,711,22.4,28.0,141,68.0
IOT0037,R0037,2026-07-29T13:00:00,25.5,788,37.2,25.5,103,62.8
IOT0038,R0038,2026-07-29T13:00:00,32.7,399,30.1,33.4,128,66.4
IOT0039,R0039,2026-07-29T13:00:00,28.5,397,71.3,30.4,112,68.3
IOT0040,R0040,2026-07-29T13:00:00,30.1,1451,21.7,28.9,147,68.2
IOT0041,R0041,2026-07-29T13:00:00,24.4,367,34.0,24.8,148,65.8
IOT0042,R0042,2026-07-29T13:00:00,29.9,498,72.1,32.7,124,65.6
IOT0043,R0043,2026-07-29T13:00:00,31.2,918,30.4,30.7,117,68.2
IOT0044,R0044,2026-07-29T13:00:00,32.4,573,20.5,31.2,118,71.3
IOT0045,R0045,2026-07-29T13:00:00,25.7,337,25.2,28.1,128,65.5
IOT0046,R0046,2026-07-29T13:00:00,30.7,670,61.3,29.5,116,72.2
IOT0047,R0047,2026-07-29T13:00:00,25.7,785,30.2,25.2,108,62.0
IOT0048,R0048,2026-07-29T13:00:00,25.6,306,21.8,26.7,110,62.4
IOT0049,R0049,2026-07-29T13:00:00,33.1,1496,42.5,30.8,118,60.3
IOT0050,R0050,2026-07-29T13:00:00,23.3,601,24.7,23.5,102,62.5
IOT0001,R0001,2026-07-29T14:00:00,24.5,431,41.3,24.8,118,63.1
IOT0002,R0002,2026-07-29T14:00:00,23.4,394,32.6,22.8,106,68.0
IOT0003,R0003,2026-07-29T14:00:00,26.6,1251,32.3,26.7,120,61.5
IOT0004,R0004,2026-07-29T14:00:00,26.9,630,49.6,28.7,145,63.7
IOT0005,R0005,2026-07-29T14:00:00,30.7,435,44.6,31.4,115,67.0
IOT0006,R0006,2026-07-29T14:00:00,32.0,534,20.7,31.2,130,64.7
IOT0007,R0007,2026-07-29T14:00:00,31.2,508,38.7,28.3,102,69.6
IOT0008,R0008,2026-07-29T14:00:00,31.0,321,46.9,31.6,137,66.1
IOT0009,R0009,2026-07-29T14:00:00,32.4,856,40.9,32.6,147,67.3
IOT0010,R0010,2026-07-29T14:00:00,28.3,305,23.1,28.9,124,62.4
IOT0011,R0011,2026-07-29T14:00:00,23.1,967,42.9,24.4,128,65.5
IOT0012,R0012,2026-07-29T14:00:00,24.3,372,44.0,23.8,99,65.4
IOT0013,R0013,2026-07-29T14:00:00,32.3,370,45.1,31.1,128,63.9
IOT0014,R0014,2026-07-29T14:00:00,23.0,593,32.3,23.5,115,58.4
IOT0015,R0015,2026-07-29T14:00:00,27.9,322,35.8,27.5,126,61.1
IOT0016,R0016,2026-07-29T14:00:00,27.9,510,47.8,29.5,132,59.1
IOT0017,R0017,2026-07-29T14:00:00,24.4,350,24.3,25.7,125,65.8
IOT0018,R0018,2026-07-29T14:00:00,31.7,1700,37.5,31.0,147,64.2
IOT0019,R0019,2026-07-29T14:00:00,32.6,538,73.3,31.4,134,61.0
IOT0020,R0020,2026-07-29T14:00:00,29.2,618,21.8,31.3,118,57.0
IOT0021,R0021,2026-07-29T14:00:00,31.1,466,31.9,29.5,92,67.0
IOT0022,R0022,2026-07-29T14:00:00,27.5,346,79.9,28.9,127,56.9
IOT0023,R0023,2026-07-29T14:00:00,28.4,391,23.0,27.7,117,63.7
IOT0024,R0024,2026-07-29T14:00:00,27.1,393,40.7,28.7,101,59.6
IOT0025,R0025,2026-07-29T14:00:00,23.9,321,44.7,24.5,116,57.2
IOT0026,R0026,2026-07-29T14:00:00,31.7,478,27.8,32.0,137,63.3
IOT0027,R0027,2026-07-29T14:00:00,23.9,430,24.3,22.7,136,62.7
IOT0028,R0028,2026-07-29T14:00:00,30.8,491,21.4,31.5,127,68.8
IOT0029,R0029,2026-07-29T14:00:00,25.3,832,40.6,25.8,120,64.5
IOT0030,R0030,2026-07-29T14:00:00,24.2,417,33.5,24.4,110,68.1
IOT0031,R0031,2026-07-29T14:00:00,24.2,623,39.2,21.8,123,61.9
IOT0032,R0032,2026-07-29T14:00:00,29.9,1205,39.0,30.5,133,60.6
IOT0033,R0033,2026-07-29T14:00:00,28.0,394,24.1,28.1,121,69.4
IOT0034,R0034,2026-07-29T14:00:00,28.0,356,81.8,28.6,121,70.2
IOT0035,R0035,2026-07-29T14:00:00,26.8,419,32.6,26.2,116,67.0
IOT0036,R0036,2026-07-29T14:00:00,27.6,664,23.0,29.3,120,63.2
IOT0037,R0037,2026-07-29T14:00:00,31.2,965,36.5,33.0,100,67.0
IOT0038,R0038,2026-07-29T14:00:00,27.8,340,31.0,28.4,135,62.0
IOT0039,R0039,2026-07-29T14:00:00,30.8,429,74.2,32.6,138,69.1
IOT0040,R0040,2026-07-29T14:00:00,24.0,1158,22.9,24.8,110,58.5
IOT0041,R0041,2026-07-29T14:00:00,26.0,391,29.6,26.7,145,62.5
IOT0042,R0042,2026-07-29T14:00:00,26.0,433,72.4,27.1,122,63.0
IOT0043,R0043,2026-07-29T14:00:00,28.4,836,30.7,27.1,107,66.2
IOT0044,R0044,2026-07-29T14:00:00,27.4,485,24.7,25.9,97,62.4
IOT0045,R0045,2026-07-29T14:00:00,25.5,334,22.6,25.8,125,67.4
IOT0046,R0046,2026-07-29T14:00:00,30.5,666,57.0,28.6,125,65.6
IOT0047,R0047,2026-07-29T14:00:00,23.1,707,31.7,21.7,97,65.0
IOT0048,R0048,2026-07-29T14:00:00,26.3,314,23.6,28.0,102,66.9
IOT0049,R0049,2026-07-29T14:00:00,30.4,1372,41.7,33.2,119,59.0
IOT0050,R0050,2026-07-29T14:00:00,24.9,641,25.0,26.2,129,60.9
IOT0001,R0001,2026-07-29T15:00:00,39.3,691,36.1,38.1,136,64.2
IOT0002,R0002,2026-07-29T15:00:00,37.1,626,27.8,36.9,142,71.9
IOT0003,R0003,2026-07-29T15:00:00,37.4,1757,29.7,39.3,123,70.3
IOT0004,R0004,2026-07-29T15:00:00,40.1,938,43.1,44.0,130,73.1
IOT0005,R0005,2026-07-29T15:00:00,38.5,546,42.5,35.9,157,64.5
IOT0006,R0006,2026-07-29T15:00:00,49.3,822,17.5,51.0,160,74.4
IOT0007,R0007,2026-07-29T15:00:00,35.2,573,33.4,32.5,129,61.7
IOT0008,R0008,2026-07-29T15:00:00,49.5,513,37.9,48.0,125,71.8
IOT0009,R0009,2026-07-29T15:00:00,42.1,1111,38.3,38.5,132,67.9
IOT0010,R0010,2026-07-29T15:00:00,38.7,417,20.2,37.9,136,71.0
IOT0011,R0011,2026-07-29T15:00:00,42.6,1783,30.6,46.2,173,71.7
IOT0012,R0012,2026-07-29T15:00:00,35.9,550,41.8,39.3,123,64.9
IOT0013,R0013,2026-07-29T15:00:00,44.0,505,40.5,40.9,139,70.2
IOT0014,R0014,2026-07-29T15:00:00,39.9,1026,25.4,43.9,142,68.4
IOT0015,R0015,2026-07-29T15:00:00,46.2,534,29.8,42.3,138,71.4
IOT0016,R0016,2026-07-29T15:00:00,41.8,762,40.5,42.7,101,68.1
IOT0017,R0017,2026-07-29T15:00:00,43.2,619,19.7,43.5,151,69.8
IOT0018,R0018,2026-07-29T15:00:00,35.4,1900,33.8,32.9,140,68.3
IOT0019,R0019,2026-07-29T15:00:00,45.6,754,65.5,42.3,138,70.2
IOT0020,R0020,2026-07-29T15:00:00,47.0,996,17.7,46.3,115,71.9
IOT0021,R0021,2026-07-29T15:00:00,38.2,572,27.0,36.8,120,68.7
IOT0022,R0022,2026-07-29T15:00:00,41.7,526,65.3,40.8,149,69.7
IOT0023,R0023,2026-07-29T15:00:00,35.3,486,20.1,32.8,128,65.5
IOT0024,R0024,2026-07-29T15:00:00,43.8,635,30.1,40.0,150,66.3
IOT0025,R0025,2026-07-29T15:00:00,42.1,565,39.7,41.4,174,67.5
IOT0026,R0026,2026-07-29T15:00:00,37.0,558,26.6,35.7,151,66.2
IOT0027,R0027,2026-07-29T15:00:00,43.4,780,18.6,42.0,105,68.6
IOT0028,R0028,2026-07-29T15:00:00,49.1,781,16.9,52.9,148,71.8
IOT0029,R0029,2026-07-29T15:00:00,46.3,1525,30.4,47.1,132,72.5
IOT0030,R0030,2026-07-29T15:00:00,36.6,631,28.9,34.0,137,69.7
IOT0031,R0031,2026-07-29T15:00:00,46.2,1190,33.5,45.8,139,73.4
IOT0032,R0032,2026-07-29T15:00:00,36.8,1481,33.6,40.0,150,68.1
IOT0033,R0033,2026-07-29T15:00:00,37.6,529,19.4,37.4,135,63.0
IOT0034,R0034,2026-07-29T15:00:00,40.5,514,71.5,44.0,130,76.5
IOT0035,R0035,2026-07-29T15:00:00,35.8,559,30.2,38.8,119,64.8
IOT0036,R0036,2026-07-29T15:00:00,39.5,949,20.1,40.9,139,66.7
IOT0037,R0037,2026-07-29T15:00:00,41.9,1295,31.1,39.2,168,69.8
IOT0038,R0038,2026-07-29T15:00:00,39.7,485,28.2,40.1,125,68.4
IOT0039,R0039,2026-07-29T15:00:00,36.7,511,68.5,38.5,139,68.4
IOT0040,R0040,2026-07-29T15:00:00,36.7,1773,22.0,36.5,143,68.1
IOT0041,R0041,2026-07-29T15:00:00,37.3,561,27.2,36.6,164,72.0
IOT0042,R0042,2026-07-29T15:00:00,43.9,732,60.8,44.4,136,71.6
IOT0043,R0043,2026-07-29T15:00:00,46.2,1361,24.7,49.7,152,72.0
IOT0044,R0044,2026-07-29T15:00:00,48.2,853,18.6,47.2,181,72.3
IOT0045,R0045,2026-07-29T15:00:00,40.1,525,21.3,43.6,150,68.8
IOT0046,R0046,2026-07-29T15:00:00,44.2,965,54.4,46.7,146,63.8
IOT0047,R0047,2026-07-29T15:00:00,48.3,1476,23.0,47.9,149,72.0
IOT0048,R0048,2026-07-29T15:00:00,45.6,544,19.7,45.5,158,73.0
IOT0049,R0049,2026-07-29T15:00:00,37.0,1670,43.8,36.3,135,71.4
IOT0050,R0050,2026-07-29T15:00:00,35.7,920,21.1,37.4,127,64.9
IOT0001,R0001,2026-07-29T16:00:00,26.9,474,38.1,26.1,117,65.2
IOT0002,R0002,2026-07-29T16:00:00,34.0,573,29.5,37.1,136,64.4
IOT0003,R0003,2026-07-29T16:00:00,29.3,1375,28.4,29.6,142,69.9
IOT0004,R0004,2026-07-29T16:00:00,28.6,668,49.0,29.2,125,63.7
IOT0005,R0005,2026-07-29T16:00:00,32.6,462,47.1,34.5,138,67.3
IOT0006,R0006,2026-07-29T16:00:00,30.3,505,22.9,27.9,124,66.1
IOT0007,R0007,2026-07-29T16:00:00,37.6,612,32.3,34.0,155,67.5
IOT0008,R0008,2026-07-29T16:00:00,33.7,349,44.4,32.8,128,72.1
IOT0009,R0009,2026-07-29T16:00:00,31.0,818,46.9,29.9,129,64.3
IOT0010,R0010,2026-07-29T16:00:00,36.4,392,21.3,36.8,144,63.9
IOT0011,R0011,2026-07-29T16:00:00,35.1,1470,34.0,33.5,151,63.3
IOT0012,R0012,2026-07-29T16:00:00,36.9,564,41.5,34.4,123,70.0
IOT0013,R0013,2026-07-29T16:00:00,32.0,367,41.7,30.0,137,69.1
IOT0014,R0014,2026-07-29T16:00:00,37.9,974,26.9,39.1,123,71.6
IOT0015,R0015,2026-07-29T16:00:00,37.0,428,34.1,33.4,133,64.7
IOT0016,R0016,2026-07-29T16:00:00,35.2,642,41.4,35.0,120,66.8
IOT0017,R0017,2026-07-29T16:00:00,31.9,457,22.0,29.0,104,59.9
IOT0018,R0018,2026-07-29T16:00:00,31.2,1676,36.7,30.4,144,63.8
IOT0019,R0019,2026-07-29T16:00:00,31.0,512,74.5,30.5,112,70.1
IOT0020,R0020,2026-07-29T16:00:00,31.0,656,22.4,28.6,134,66.1
IOT0021,R0021,2026-07-29T16:00:00,29.8,447,29.0,32.5,125,64.2
IOT0022,R0022,2026-07-29T16:00:00,35.2,443,71.9,35.0,130,68.2
IOT0023,R0023,2026-07-29T16:00:00,27.1,373,23.6,27.8,131,70.5
IOT0024,R0024,2026-07-29T16:00:00,33.1,480,35.6,33.1,133,68.2
IOT0025,R0025,2026-07-29T16:00:00,29.0,389,48.6,28.7,154,63.4
IOT0026,R0026,2026-07-29T16:00:00,32.2,486,27.3,30.1,121,66.2
IOT0027,R0027,2026-07-29T16:00:00,35.1,632,21.5,33.5,150,67.1
IOT0028,R0028,2026-07-29T16:00:00,29.6,471,23.4,27.3,91,66.3
IOT0029,R0029,2026-07-29T16:00:00,28.9,953,37.7,28.0,125,63.9
IOT0030,R0030,2026-07-29T16:00:00,29.6,510,30.8,31.6,129,60.8
IOT0031,R0031,2026-07-29T16:00:00,36.4,937,34.7,33.2,141,65.0
IOT0032,R0032,2026-07-29T16:00:00,29.9,1205,40.3,29.6,123,68.1
IOT0033,R0033,2026-07-29T16:00:00,35.0,493,19.8,35.0,117,68.3
IOT0034,R0034,2026-07-29T16:00:00,27.2,345,77.9,27.6,142,73.4
IOT0035,R0035,2026-07-29T16:00:00,38.0,594,27.8,38.5,124,69.3
IOT0036,R0036,2026-07-29T16:00:00,37.8,908,21.3,34.7,161,70.3
IOT0037,R0037,2026-07-29T16:00:00,32.2,994,35.2,32.2,105,68.7
IOT0038,R0038,2026-07-29T16:00:00,32.1,392,29.7,29.7,137,69.2
IOT0039,R0039,2026-07-29T16:00:00,28.6,398,76.1,26.6,128,65.3
IOT0040,R0040,2026-07-29T16:00:00,34.5,1666,21.0,36.4,136,69.4
IOT0041,R0041,2026-07-29T16:00:00,37.4,563,26.5,40.4,118,65.1
IOT0042,R0042,2026-07-29T16:00:00,35.4,590,74.5,36.1,122,66.9
IOT0043,R0043,2026-07-29T16:00:00,37.1,1094,28.3,38.2,137,67.0
IOT0044,R0044,2026-07-29T16:00:00,27.0,479,22.3,24.9,124,65.6
IOT0045,R0045,2026-07-29T16:00:00,34.1,446,21.8,33.5,149,65.2
IOT0046,R0046,2026-07-29T16:00:00,30.0,654,60.6,30.2,133,66.7
IOT0047,R0047,2026-07-29T16:00:00,31.6,965,30.7,30.6,112,62.1
IOT0048,R0048,2026-07-29T16:00:00,38.3,457,19.9,39.1,117,66.1
IOT0049,R0049,2026-07-29T16:00:00,30.6,1383,44.3,28.7,120,67.6
IOT0050,R0050,2026-07-29T16:00:00,34.7,895,22.7,37.7,137,69.2
IOT0001,R0001,2026-07-29T17:00:00,58.9,1037,28.3,59.4,158,75.0
IOT0002,R0002,2026-07-29T17:00:00,65.3,1102,19.4,66.6,163,85.0
IOT0003,R0003,2026-07-29T17:00:00,58.7,2756,20.9,60.6,160,71.5
IOT0004,R0004,2026-07-29T17:00:00,67.4,1577,26.9,66.7,200,76.5
IOT0005,R0005,2026-07-29T17:00:00,67.2,953,30.1,66.0,153,75.4
IOT0006,R0006,2026-07-29T17:00:00,70.1,1169,14.5,63.7,169,82.5
IOT0007,R0007,2026-07-29T17:00:00,58.9,959,25.7,61.7,156,72.9
IOT0008,R0008,2026-07-29T17:00:00,61.3,636,33.0,60.3,173,71.3
IOT0009,R0009,2026-07-29T17:00:00,64.2,1693,30.0,67.1,163,75.2
IOT0010,R0010,2026-07-29T17:00:00,81.1,874,11.6,75.6,176,84.2
IOT0011,R0011,2026-07-29T17:00:00,76.9,3222,20.1,74.6,201,83.4
IOT0012,R0012,2026-07-29T17:00:00,60.3,923,29.6,58.0,145,77.1
IOT0013,R0013,2026-07-29T17:00:00,64.2,736,27.4,66.9,186,76.3
IOT0014,R0014,2026-07-29T17:00:00,58.3,1499,21.8,54.6,152,77.9
IOT0015,R0015,2026-07-29T17:00:00,81.7,945,18.1,74.8,210,81.3
IOT0016,R0016,2026-07-29T17:00:00,71.3,1301,27.8,64.4,149,85.2
IOT0017,R0017,2026-07-29T17:00:00,68.3,979,13.5,63.0,162,76.0
IOT0018,R0018,2026-07-29T17:00:00,62.3,3342,25.8,59.5,146,78.8
IOT0019,R0019,2026-07-29T17:00:00,58.5,966,52.4,57.2,159,78.3
IOT0020,R0020,2026-07-29T17:00:00,74.7,1582,13.3,67.6,189,81.9
IOT0021,R0021,2026-07-29T17:00:00,77.8,1166,14.6,75.0,218,79.2
IOT0022,R0022,2026-07-29T17:00:00,59.2,746,56.6,61.7,140,75.1
IOT0023,R0023,2026-07-29T17:00:00,74.0,1019,13.2,79.6,166,78.2
IOT0024,R0024,2026-07-29T17:00:00,81.8,1185,18.7,75.6,201,79.2
IOT0025,R0025,2026-07-29T17:00:00,70.4,945,25.2,75.3,210,78.1
IOT0026,R0026,2026-07-29T17:00:00,60.6,915,21.1,57.4,173,74.6
IOT0027,R0027,2026-07-29T17:00:00,73.1,1315,11.8,67.5,169,86.1
IOT0028,R0028,2026-07-29T17:00:00,69.8,1111,14.5,65.3,161,81.6
IOT0029,R0029,2026-07-29T17:00:00,68.1,2243,24.0,64.5,194,75.0
IOT0030,R0030,2026-07-29T17:00:00,64.9,1119,19.3,61.4,131,74.7
IOT0031,R0031,2026-07-29T17:00:00,81.7,2105,17.1,86.4,189,81.7
IOT0032,R0032,2026-07-29T17:00:00,58.1,2339,25.8,52.4,171,76.6
IOT0033,R0033,2026-07-29T17:00:00,62.5,880,14.2,68.6,165,77.6
IOT0034,R0034,2026-07-29T17:00:00,57.7,733,50.8,56.0,157,70.2
IOT0035,R0035,2026-07-29T17:00:00,76.8,1200,17.0,80.6,199,80.6
IOT0036,R0036,2026-07-29T17:00:00,74.6,1792,11.6,82.0,168,80.9
IOT0037,R0037,2026-07-29T17:00:00,78.7,2431,20.1,77.2,214,83.9
IOT0038,R0038,2026-07-29T17:00:00,63.3,773,21.1,59.1,177,77.4
IOT0039,R0039,2026-07-29T17:00:00,82.1,1142,34.0,86.9,179,82.3
IOT0040,R0040,2026-07-29T17:00:00,62.8,3030,15.8,61.6,168,71.3
IOT0041,R0041,2026-07-29T17:00:00,59.1,890,22.9,56.0,169,80.5
IOT0042,R0042,2026-07-29T17:00:00,78.4,1308,37.9,77.1,185,77.3
IOT0043,R0043,2026-07-29T17:00:00,71.4,2103,18.7,71.1,191,78.2
IOT0044,R0044,2026-07-29T17:00:00,57.7,1021,15.2,58.1,143,76.8
IOT0045,R0045,2026-07-29T17:00:00,74.3,972,13.3,78.5,185,75.1
IOT0046,R0046,2026-07-29T17:00:00,72.7,1586,32.7,75.5,169,84.1
IOT0047,R0047,2026-07-29T17:00:00,81.8,2498,13.9,76.0,193,85.3
IOT0048,R0048,2026-07-29T17:00:00,59.6,711,16.0,64.0,152,76.8
IOT0049,R0049,2026-07-29T17:00:00,61.1,2761,30.7,55.7,128,77.4
IOT0050,R0050,2026-07-29T17:00:00,70.6,1818,13.5,63.8,188,79.0
IOT0001,R0001,2026-07-29T18:00:00,98.6,1736,11.5,96.5,224,89.4
IOT0002,R0002,2026-07-29T18:00:00,100.0,1688,9.6,99.3,242,85.0
IOT0003,R0003,2026-07-29T18:00:00,85.8,4034,12.6,79.0,207,85.6
IOT0004,R0004,2026-07-29T18:00:00,80.3,1878,21.9,85.3,181,79.4
IOT0005,R0005,2026-07-29T18:00:00,93.6,1328,16.1,85.3,215,86.7
IOT0006,R0006,2026-07-29T18:00:00,93.7,1562,7.5,96.7,208,89.8
IOT0007,R0007,2026-07-29T18:00:00,100.0,1696,10.5,93.3,233,88.2
IOT0008,R0008,2026-07-29T18:00:00,100.0,1094,13.0,100.0,213,88.4
IOT0009,R0009,2026-07-29T18:00:00,93.9,2478,17.2,95.3,208,92.8
IOT0010,R0010,2026-07-29T18:00:00,99.5,1073,6.4,98.8,223,93.3
IOT0011,R0011,2026-07-29T18:00:00,88.7,3715,15.4,90.8,180,90.4
IOT0012,R0012,2026-07-29T18:00:00,81.5,1247,22.8,78.3,162,87.6
IOT0013,R0013,2026-07-29T18:00:00,85.1,976,19.8,83.9,218,79.2
IOT0014,R0014,2026-07-29T18:00:00,99.8,2569,8.7,100.0,227,87.5
IOT0015,R0015,2026-07-29T18:00:00,83.5,965,18.6,89.9,190,82.4
IOT0016,R0016,2026-07-29T18:00:00,92.8,1693,17.0,100.0,193,90.9
IOT0017,R0017,2026-07-29T18:00:00,100.0,1459,6.8,100.0,185,87.2
IOT0018,R0018,2026-07-29T18:00:00,79.5,4265,19.0,77.9,195,84.1
IOT0019,R0019,2026-07-29T18:00:00,85.4,1410,35.4,77.7,179,84.2
IOT0020,R0020,2026-07-29T18:00:00,83.3,1765,9.8,87.2,184,84.7
IOT0021,R0021,2026-07-29T18:00:00,99.1,1485,8.8,99.9,192,90.2
IOT0022,R0022,2026-07-29T18:00:00,91.7,1155,29.7,97.2,200,83.2
IOT0023,R0023,2026-07-29T18:00:00,88.5,1219,9.3,92.5,182,85.6
IOT0024,R0024,2026-07-29T18:00:00,100.0,1480,10.7,99.6,223,87.7
IOT0025,R0025,2026-07-29T18:00:00,98.0,1315,14.5,100.0,229,88.8
IOT0026,R0026,2026-07-29T18:00:00,88.7,1339,11.7,90.9,226,87.1
IOT0027,R0027,2026-07-29T18:00:00,92.4,1663,8.6,95.9,217,90.1
IOT0028,R0028,2026-07-29T18:00:00,100.0,1672,6.8,98.0,222,93.2
IOT0029,R0029,2026-07-29T18:00:00,90.0,2963,15.6,96.8,229,85.8
IOT0030,R0030,2026-07-29T18:00:00,91.5,1576,12.3,99.4,190,83.2
IOT0031,R0031,2026-07-29T18:00:00,88.7,2284,16.4,91.6,181,87.0
IOT0032,R0032,2026-07-29T18:00:00,97.8,3935,12.7,100.0,200,91.2
IOT0033,R0033,2026-07-29T18:00:00,100.0,1459,6.6,96.6,229,90.2
IOT0034,R0034,2026-07-29T18:00:00,83.1,1055,34.7,79.3,192,81.9
IOT0035,R0035,2026-07-29T18:00:00,85.7,1339,12.5,84.9,206,86.0
IOT0036,R0036,2026-07-29T18:00:00,94.0,2259,8.0,98.0,215,89.3
IOT0037,R0037,2026-07-29T18:00:00,99.8,3081,12.0,100.0,249,90.4
IOT0038,R0038,2026-07-29T18:00:00,86.1,1052,13.7,93.9,208,83.3
IOT0039,R0039,2026-07-29T18:00:00,79.4,1105,37.0,83.2,216,81.8
IOT0040,R0040,2026-07-29T18:00:00,83.3,4022,9.8,89.7,202,90.2
IOT0041,R0041,2026-07-29T18:00:00,100.0,1557,9.2,100.0,204,89.8
IOT0042,R0042,2026-07-29T18:00:00,93.5,1559,27.5,86.7,219,89.1
IOT0043,R0043,2026-07-29T18:00:00,82.9,2441,14.9,88.3,197,82.9
IOT0044,R0044,2026-07-29T18:00:00,98.0,1736,6.7,100.0,201,90.5
IOT0045,R0045,2026-07-29T18:00:00,86.8,1136,9.8,85.3,195,88.2
IOT0046,R0046,2026-07-29T18:00:00,100.0,2207,17.2,100.0,202,89.7
IOT0047,R0047,2026-07-29T18:00:00,100.0,3105,9.1,94.1,237,91.5
IOT0048,R0048,2026-07-29T18:00:00,97.0,1157,7.3,100.0,228,93.0
IOT0049,R0049,2026-07-29T18:00:00,84.9,3837,20.5,77.4,171,89.0
IOT0050,R0050,2026-07-29T18:00:00,87.7,2258,9.2,87.1,181,89.3
IOT0001,R0001,2026-07-29T19:00:00,100.0,1890,9.6,100.0,193,90.8
IOT0002,R0002,2026-07-29T19:00:00,100.0,1797,7.2,94.8,152,87.1
IOT0003,R0003,2026-07-29T19:00:00,100.0,4700,8.0,100.0,172,89.2
IOT0004,R0004,2026-07-29T19:00:00,90.2,2110,14.3,87.5,156,87.2
IOT0005,R0005,2026-07-29T19:00:00,84.0,1192,17.0,76.2,189,91.6
IOT0006,R0006,2026-07-29T19:00:00,78.8,1314,10.3,71.6,141,83.3
IOT0007,R0007,2026-07-29T19:00:00,96.3,1567,10.1,88.8,202,84.4
IOT0008,R0008,2026-07-29T19:00:00,79.3,822,20.8,73.9,146,77.6
IOT0009,R0009,2026-07-29T19:00:00,91.7,2419,14.0,83.4,161,87.1
IOT0010,R0010,2026-07-29T19:00:00,87.8,947,7.6,80.7,144,86.1
IOT0011,R0011,2026-07-29T19:00:00,100.0,4518,8.8,100.0,197,89.6
IOT0012,R0012,2026-07-29T19:00:00,100.0,1647,10.9,100.0,188,90.6
IOT0013,R0013,2026-07-29T19:00:00,95.4,1094,14.0,92.8,187,92.6
IOT0014,R0014,2026-07-29T19:00:00,100.0,2819,7.9,100.0,193,87.1
IOT0015,R0015,2026-07-29T19:00:00,100.0,1266,9.4,99.9,211,89.2
IOT0016,R0016,2026-07-29T19:00:00,95.0,1733,13.0,95.1,149,83.8
IOT0017,R0017,2026-07-29T19:00:00,76.4,1095,10.2,82.1,174,79.6
IOT0018,R0018,2026-07-29T19:00:00,95.5,5125,11.8,100.0,174,89.6
IOT0019,R0019,2026-07-29T19:00:00,85.7,1416,26.8,89.6,147,81.8
IOT0020,R0020,2026-07-29T19:00:00,85.9,1819,8.8,83.7,162,84.7
IOT0021,R0021,2026-07-29T19:00:00,100.0,1631,7.3,100.0,170,93.6
IOT0022,R0022,2026-07-29T19:00:00,87.3,1100,25.6,94.2,187,88.1
IOT0023,R0023,2026-07-29T19:00:00,97.6,1344,5.9,94.1,163,88.4
IOT0024,R0024,2026-07-29T19:00:00,85.9,1245,14.6,77.5,192,83.4
IOT0025,R0025,2026-07-29T19:00:00,100.0,1468,10.7,100.0,200,87.9
IOT0026,R0026,2026-07-29T19:00:00,92.4,1395,9.6,97.6,187,89.1
IOT0027,R0027,2026-07-29T19:00:00,100.0,1811,6.1,100.0,175,95.6
IOT0028,R0028,2026-07-29T19:00:00,100.0,1643,6.0,95.9,164,91.0
IOT0029,R0029,2026-07-29T19:00:00,100.0,3422,9.3,93.6,192,90.7
IOT0030,R0030,2026-07-29T19:00:00,86.9,1498,10.9,84.8,164,86.7
IOT0031,R0031,2026-07-29T19:00:00,100.0,2793,9.3,100.0,165,93.6
IOT0032,R0032,2026-07-29T19:00:00,93.9,3781,10.7,86.6,166,85.1
IOT0033,R0033,2026-07-29T19:00:00,83.7,1178,8.8,79.1,185,80.9
IOT0034,R0034,2026-07-29T19:00:00,100.0,1309,19.8,100.0,191,85.5
IOT0035,R0035,2026-07-29T19:00:00,87.5,1366,10.5,90.5,180,88.0
IOT0036,R0036,2026-07-29T19:00:00,78.1,1875,9.2,80.0,171,82.0
IOT0037,R0037,2026-07-29T19:00:00,92.3,2850,11.3,93.6,173,86.5
IOT0038,R0038,2026-07-29T19:00:00,100.0,1313,8.1,100.0,190,95.2
IOT0039,R0039,2026-07-29T19:00:00,92.5,1286,24.0,84.2,162,85.6
IOT0040,R0040,2026-07-29T19:00:00,100.0,5243,5.5,96.5,211,92.1
IOT0041,R0041,2026-07-29T19:00:00,82.9,1248,11.5,76.3,154,84.4
IOT0042,R0042,2026-07-29T19:00:00,89.9,1499,27.3,93.0,157,90.8
IOT0043,R0043,2026-07-29T19:00:00,93.4,2752,9.9,87.3,180,88.4
IOT0044,R0044,2026-07-29T19:00:00,81.5,1444,9.1,86.0,187,83.2
IOT0045,R0045,2026-07-29T19:00:00,81.7,1069,9.9,76.7,151,85.7
IOT0046,R0046,2026-07-29T19:00:00,81.9,1787,23.1,78.9,184,85.4
IOT0047,R0047,2026-07-29T19:00:00,100.0,3260,7.3,96.0,189,88.3
IOT0048,R0048,2026-07-29T19:00:00,91.3,1089,7.5,87.9,169,86.2
IOT0049,R0049,2026-07-29T19:00:00,83.9,3793,18.8,75.9,137,87.8
IOT0050,R0050,2026-07-29T19:00:00,100.0,2639,5.3,100.0,180,88.4
IOT0001,R0001,2026-07-29T20:00:00,81.2,1430,19.5,75.0,192,80.7
IOT0002,R0002,2026-07-29T20:00:00,74.8,1262,17.6,68.3,173,79.7
IOT0003,R0003,2026-07-29T20:00:00,75.0,3525,16.6,80.0,176,87.3
IOT0004,R0004,2026-07-29T20:00:00,85.0,1988,19.3,81.7,211,82.5
IOT0005,R0005,2026-07-29T20:00:00,100.0,1461,13.5,91.6,190,87.7
IOT0006,R0006,2026-07-29T20:00:00,92.2,1537,8.3,97.5,206,89.4
IOT0007,R0007,2026-07-29T20:00:00,86.3,1405,15.6,79.2,200,91.6
IOT0008,R0008,2026-07-29T20:00:00,96.9,1005,14.4,95.2,195,90.2
IOT0009,R0009,2026-07-29T20:00:00,79.1,2086,22.3,82.0,206,84.4
IOT0010,R0010,2026-07-29T20:00:00,100.0,1104,7.2,96.9,201,91.3
IOT0011,R0011,2026-07-29T20:00:00,83.9,3515,16.4,89.9,193,81.7
IOT0012,R0012,2026-07-29T20:00:00,87.1,1333,20.5,95.4,189,85.7
IOT0013,R0013,2026-07-29T20:00:00,84.7,971,20.4,91.8,192,85.1
IOT0014,R0014,2026-07-29T20:00:00,98.1,2525,8.8,97.3,180,86.9
IOT0015,R0015,2026-07-29T20:00:00,85.9,993,15.8,78.3,203,88.0
IOT0016,R0016,2026-07-29T20:00:00,73.8,1346,25.8,69.2,191,84.8
IOT0017,R0017,2026-07-29T20:00:00,74.2,1064,12.0,73.0,183,80.6
IOT0018,R0018,2026-07-29T20:00:00,99.6,5345,11.4,100.0,215,96.4
IOT0019,R0019,2026-07-29T20:00:00,100.0,1711,21.5,97.3,187,89.5
IOT0020,R0020,2026-07-29T20:00:00,81.8,1733,10.3,77.1,189,87.0
IOT0021,R0021,2026-07-29T20:00:00,100.0,1520,9.2,94.7,202,91.5
IOT0022,R0022,2026-07-29T20:00:00,100.0,1287,20.9,94.8,230,92.1
IOT0023,R0023,2026-07-29T20:00:00,90.5,1246,9.0,92.3,189,83.4
IOT0024,R0024,2026-07-29T20:00:00,85.3,1236,17.1,85.3,212,86.9
IOT0025,R0025,2026-07-29T20:00:00,92.8,1245,16.3,90.7,191,81.6
IOT0026,R0026,2026-07-29T20:00:00,86.1,1299,12.4,86.9,189,81.3
IOT0027,R0027,2026-07-29T20:00:00,87.6,1576,9.3,93.0,189,92.6
IOT0028,R0028,2026-07-29T20:00:00,88.3,1406,9.1,94.6,200,90.6
IOT0029,R0029,2026-07-29T20:00:00,100.0,3294,11.5,100.0,226,92.2
IOT0030,R0030,2026-07-29T20:00:00,90.5,1559,12.3,97.5,188,83.9
IOT0031,R0031,2026-07-29T20:00:00,79.8,2055,19.9,74.1,191,81.2
IOT0032,R0032,2026-07-29T20:00:00,96.4,3882,12.5,89.2,191,88.8
IOT0033,R0033,2026-07-29T20:00:00,72.7,1024,13.5,70.1,167,79.6
IOT0034,R0034,2026-07-29T20:00:00,89.7,1139,31.0,95.8,184,82.7
IOT0035,R0035,2026-07-29T20:00:00,100.0,1607,9.0,100.0,235,92.8
IOT0036,R0036,2026-07-29T20:00:00,100.0,2470,6.9,100.0,241,92.9
IOT0037,R0037,2026-07-29T20:00:00,76.6,2364,21.1,74.7,185,83.5
IOT0038,R0038,2026-07-29T20:00:00,93.5,1142,10.9,84.4,208,92.5
IOT0039,R0039,2026-07-29T20:00:00,91.6,1274,26.9,85.5,217,89.8
IOT0040,R0040,2026-07-29T20:00:00,89.9,4340,8.9,91.8,186,86.1
IOT0041,R0041,2026-07-29T20:00:00,98.8,1487,9.8,100.0,191,85.8
IOT0042,R0042,2026-07-29T20:00:00,78.7,1313,38.7,80.1,191,82.7
IOT0043,R0043,2026-07-29T20:00:00,99.0,2917,9.8,98.8,231,85.0
IOT0044,R0044,2026-07-29T20:00:00,86.2,1526,9.8,91.9,195,85.5
IOT0045,R0045,2026-07-29T20:00:00,73.5,962,13.6,74.9,168,81.1
IOT0046,R0046,2026-07-29T20:00:00,80.1,1748,28.0,78.4,173,85.1
IOT0047,R0047,2026-07-29T20:00:00,90.9,2778,12.0,88.6,177,90.8
IOT0048,R0048,2026-07-29T20:00:00,83.5,996,10.7,75.3,205,86.8
IOT0049,R0049,2026-07-29T20:00:00,78.5,3546,24.4,77.8,206,77.6
IOT0050,R0050,2026-07-29T20:00:00,83.7,2155,10.2,77.9,188,88.6
IOT0001,R0001,2026-07-29T21:00:00,44.2,778,26.1,42.7,101,71.8
IOT0002,R0002,2026-07-29T21:00:00,54.1,912,18.7,53.6,105,73.2
IOT0003,R0003,2026-07-29T21:00:00,48.8,2294,21.9,50.4,121,68.5
IOT0004,R0004,2026-07-29T21:00:00,41.3,967,33.2,42.6,100,67.5
IOT0005,R0005,2026-07-29T21:00:00,49.6,704,32.3,45.9,118,62.4
IOT0006,R0006,2026-07-29T21:00:00,53.9,898,14.8,50.0,132,77.5
IOT0007,R0007,2026-07-29T21:00:00,40.7,662,30.6,41.3,125,67.8
IOT0008,R0008,2026-07-29T21:00:00,42.6,442,34.3,40.4,106,67.4
IOT0009,R0009,2026-07-29T21:00:00,50.2,1325,30.9,49.6,138,72.8
IOT0010,R0010,2026-07-29T21:00:00,54.6,589,13.9,55.4,139,73.7
IOT0011,R0011,2026-07-29T21:00:00,49.4,2069,26.3,50.5,94,73.6
IOT0012,R0012,2026-07-29T21:00:00,46.9,717,32.5,51.5,87,75.6
IOT0013,R0013,2026-07-29T21:00:00,56.3,646,27.7,56.7,133,76.2
IOT0014,R0014,2026-07-29T21:00:00,40.3,1038,21.8,38.7,87,68.6
IOT0015,R0015,2026-07-29T21:00:00,55.4,640,23.9,59.6,123,78.9
IOT0016,R0016,2026-07-29T21:00:00,48.4,884,31.2,49.8,118,68.4
IOT0017,R0017,2026-07-29T21:00:00,54.0,775,14.0,59.3,140,74.0
IOT0018,R0018,2026-07-29T21:00:00,55.9,3003,25.2,54.5,133,72.2
IOT0019,R0019,2026-07-29T21:00:00,51.8,856,52.0,53.1,113,77.7
IOT0020,R0020,2026-07-29T21:00:00,50.5,1070,14.1,50.9,124,77.3
IOT0021,R0021,2026-07-29T21:00:00,42.7,639,21.2,43.1,107,67.5
IOT0022,R0022,2026-07-29T21:00:00,47.5,599,53.6,51.4,130,71.4
IOT0023,R0023,2026-07-29T21:00:00,48.8,672,14.8,50.9,111,75.5
IOT0024,R0024,2026-07-29T21:00:00,51.1,741,25.4,49.5,100,71.3
IOT0025,R0025,2026-07-29T21:00:00,45.8,615,33.5,45.4,111,69.4
IOT0026,R0026,2026-07-29T21:00:00,48.4,731,21.3,52.3,116,72.6
IOT0027,R0027,2026-07-29T21:00:00,51.4,925,15.3,51.6,111,71.2
IOT0028,R0028,2026-07-29T21:00:00,41.5,660,15.9,39.2,104,69.9
IOT0029,R0029,2026-07-29T21:00:00,52.1,1714,23.4,54.3,92,71.7
IOT0030,R0030,2026-07-29T21:00:00,50.3,867,21.4,54.3,101,72.7
IOT0031,R0031,2026-07-29T21:00:00,44.1,1136,29.0,46.6,127,67.7
IOT0032,R0032,2026-07-29T21:00:00,43.5,1752,29.5,44.5,111,71.9
IOT0033,R0033,2026-07-29T21:00:00,44.5,627,15.3,44.2,131,67.1
IOT0034,R0034,2026-07-29T21:00:00,44.3,562,57.8,40.3,129,69.9
IOT0035,R0035,2026-07-29T21:00:00,52.6,821,21.0,51.1,74,79.7
IOT0036,R0036,2026-07-29T21:00:00,43.3,1041,16.6,47.1,136,72.7
IOT0037,R0037,2026-07-29T21:00:00,54.1,1670,22.6,50.0,134,77.6
IOT0038,R0038,2026-07-29T21:00:00,50.0,611,21.7,53.8,105,71.5
IOT0039,R0039,2026-07-29T21:00:00,49.3,686,54.4,50.8,131,74.7
IOT0040,R0040,2026-07-29T21:00:00,48.4,2338,14.6,46.8,100,72.0
IOT0041,R0041,2026-07-29T21:00:00,45.6,687,23.0,42.5,120,68.9
IOT0042,R0042,2026-07-29T21:00:00,48.0,801,53.7,47.6,133,75.1
IOT0043,R0043,2026-07-29T21:00:00,48.5,1428,21.5,46.8,111,69.6
IOT0044,R0044,2026-07-29T21:00:00,50.9,902,15.5,54.2,111,73.8
IOT0045,R0045,2026-07-29T21:00:00,56.5,740,13.3,59.0,118,76.5
IOT0046,R0046,2026-07-29T21:00:00,44.6,973,46.5,41.8,130,73.0
IOT0047,R0047,2026-07-29T21:00:00,53.2,1625,18.7,51.8,117,71.8
IOT0048,R0048,2026-07-29T21:00:00,50.8,606,15.8,55.1,131,75.2
IOT0049,R0049,2026-07-29T21:00:00,56.8,2568,29.7,54.9,112,77.8
IOT0050,R0050,2026-07-29T21:00:00,54.4,1401,14.5,56.0,111,74.4
IOT0001,R0001,2026-07-29T22:00:00,33.0,580,32.0,35.2,114,62.2
IOT0002,R0002,2026-07-29T22:00:00,33.5,565,25.4,31.5,110,66.9
IOT0003,R0003,2026-07-29T22:00:00,26.9,1263,27.7,28.4,67,69.4
IOT0004,R0004,2026-07-29T22:00:00,29.3,685,37.0,31.7,91,72.7
IOT0005,R0005,2026-07-29T22:00:00,36.4,517,35.1,37.2,83,66.0
IOT0006,R0006,2026-07-29T22:00:00,27.4,456,19.5,27.3,75,70.7
IOT0007,R0007,2026-07-29T22:00:00,35.1,572,28.9,38.4,97,66.4
IOT0008,R0008,2026-07-29T22:00:00,28.9,300,38.1,27.8,98,65.8
IOT0009,R0009,2026-07-29T22:00:00,35.1,927,34.8,33.7,113,70.3
IOT0010,R0010,2026-07-29T22:00:00,33.0,356,18.2,32.9,129,69.1
IOT0011,R0011,2026-07-29T22:00:00,33.2,1392,31.1,35.5,103,67.7
IOT0012,R0012,2026-07-29T22:00:00,32.1,491,35.6,31.3,95,70.5
IOT0013,R0013,2026-07-29T22:00:00,32.5,373,35.2,30.9,96,70.2
IOT0014,R0014,2026-07-29T22:00:00,37.0,952,25.3,38.4,85,68.0
IOT0015,R0015,2026-07-29T22:00:00,27.8,321,32.7,30.3,72,62.2
IOT0016,R0016,2026-07-29T22:00:00,37.0,675,33.8,37.9,113,69.9
IOT0017,R0017,2026-07-29T22:00:00,31.0,444,18.6,31.6,102,67.7
IOT0018,R0018,2026-07-29T22:00:00,31.5,1692,29.8,31.7,93,67.8
IOT0019,R0019,2026-07-29T22:00:00,32.1,531,59.0,32.8,98,63.1
IOT0020,R0020,2026-07-29T22:00:00,32.8,694,19.2,36.0,96,67.3
IOT0021,R0021,2026-07-29T22:00:00,36.7,550,25.4,34.6,120,67.4
IOT0022,R0022,2026-07-29T22:00:00,27.8,350,63.2,30.3,99,64.7
IOT0023,R0023,2026-07-29T22:00:00,37.4,515,18.7,35.0,118,70.0
IOT0024,R0024,2026-07-29T22:00:00,37.1,538,29.3,34.1,114,72.4
IOT0025,R0025,2026-07-29T22:00:00,31.4,421,35.1,31.2,85,67.3
IOT0026,R0026,2026-07-29T22:00:00,30.2,455,25.3,31.4,105,59.4
IOT0027,R0027,2026-07-29T22:00:00,36.2,652,18.4,35.9,104,73.6
IOT0028,R0028,2026-07-29T22:00:00,35.7,568,19.2,34.5,116,66.6
IOT0029,R0029,2026-07-29T22:00:00,32.4,1066,30.1,31.5,110,63.7
IOT0030,R0030,2026-07-29T22:00:00,34.0,585,25.8,35.4,92,69.6
IOT0031,R0031,2026-07-29T22:00:00,35.6,917,31.7,34.5,99,66.0
IOT0032,R0032,2026-07-29T22:00:00,29.3,1180,34.1,30.5,112,64.8
IOT0033,R0033,2026-07-29T22:00:00,32.6,459,17.3,32.8,100,65.2
IOT0034,R0034,2026-07-29T22:00:00,34.6,439,60.3,34.6,98,66.6
IOT0035,R0035,2026-07-29T22:00:00,28.4,444,26.6,28.4,101,65.5
IOT0036,R0036,2026-07-29T22:00:00,35.6,854,16.9,34.0,99,70.4
IOT0037,R0037,2026-07-29T22:00:00,30.7,948,31.6,30.7,91,68.0
IOT0038,R0038,2026-07-29T22:00:00,30.0,366,27.3,33.0,111,61.7
IOT0039,R0039,2026-07-29T22:00:00,26.5,369,65.3,24.1,97,62.3
IOT0040,R0040,2026-07-29T22:00:00,29.7,1436,18.0,27.5,66,66.8
IOT0041,R0041,2026-07-29T22:00:00,33.2,500,25.0,31.4,87,68.7
IOT0042,R0042,2026-07-29T22:00:00,27.9,465,66.3,28.8,100,60.0
IOT0043,R0043,2026-07-29T22:00:00,32.1,944,25.1,34.6,68,63.9
IOT0044,R0044,2026-07-29T22:00:00,37.2,658,18.7,36.0,111,71.8
IOT0045,R0045,2026-07-29T22:00:00,27.1,355,18.5,27.6,102,65.9
IOT0046,R0046,2026-07-29T22:00:00,28.1,613,55.8,28.5,101,67.2
IOT0047,R0047,2026-07-29T22:00:00,31.9,974,24.5,30.0,112,63.6
IOT0048,R0048,2026-07-29T22:00:00,27.7,331,19.4,29.5,100,66.5
IOT0049,R0049,2026-07-29T22:00:00,36.5,1649,33.2,33.6,81,67.4
IOT0050,R0050,2026-07-29T22:00:00,35.8,923,17.5,36.9,109,68.5
IOT0001,R0001,2026-07-29T23:00:00,29.3,516,37.9,29.9,122,65.9
IOT0002,R0002,2026-07-29T23:00:00,23.9,403,29.7,26.1,127,65.9
IOT0003,R0003,2026-07-29T23:00:00,21.0,985,33.5,21.8,115,59.5
IOT0004,R0004,2026-07-29T23:00:00,29.2,682,43.6,31.1,123,66.5
IOT0005,R0005,2026-07-29T23:00:00,24.9,354,48.8,23.7,90,58.6
IOT0006,R0006,2026-07-29T23:00:00,22.3,372,23.2,24.4,120,66.3
IOT0007,R0007,2026-07-29T23:00:00,22.3,363,40.8,22.3,111,62.5
IOT0008,R0008,2026-07-29T23:00:00,28.4,294,48.8,26.3,118,63.8
IOT0009,R0009,2026-07-29T23:00:00,23.8,627,45.8,26.0,111,62.6
IOT0010,R0010,2026-07-29T23:00:00,23.0,248,24.6,24.8,108,57.9
IOT0011,R0011,2026-07-29T23:00:00,29.1,1220,37.2,30.3,138,69.8
IOT0012,R0012,2026-07-29T23:00:00,25.0,383,47.3,25.2,129,64.6
IOT0013,R0013,2026-07-29T23:00:00,24.7,283,47.2,24.9,126,62.6
IOT0014,R0014,2026-07-29T23:00:00,29.1,749,29.5,27.6,131,64.8
IOT0015,R0015,2026-07-29T23:00:00,25.1,290,39.6,25.8,120,66.8
IOT0016,R0016,2026-07-29T23:00:00,27.5,501,49.6,28.2,125,66.0
IOT0017,R0017,2026-07-29T23:00:00,22.4,321,25.6,21.9,111,59.5
IOT0018,R0018,2026-07-29T23:00:00,24.7,1326,39.7,27.1,108,65.0
IOT0019,R0019,2026-07-29T23:00:00,24.9,412,77.3,23.8,107,58.3
IOT0020,R0020,2026-07-29T23:00:00,25.8,547,22.3,24.0,108,64.4
IOT0021,R0021,2026-07-29T23:00:00,26.7,400,31.6,25.3,108,66.1
IOT0022,R0022,2026-07-29T23:00:00,26.0,328,73.5,25.2,112,63.9
IOT0023,R0023,2026-07-29T23:00:00,25.3,349,23.2,27.3,109,64.7
IOT0024,R0024,2026-07-29T23:00:00,21.4,310,40.3,20.7,139,58.8
IOT0025,R0025,2026-07-29T23:00:00,29.5,396,45.7,28.6,131,67.7
IOT0026,R0026,2026-07-29T23:00:00,23.5,355,30.0,21.6,116,63.4
IOT0027,R0027,2026-07-29T23:00:00,23.2,417,23.7,23.2,109,57.4
IOT0028,R0028,2026-07-29T23:00:00,20.8,331,25.7,21.5,84,63.5
IOT0029,R0029,2026-07-29T23:00:00,23.1,761,37.4,21.3,129,68.7
IOT0030,R0030,2026-07-29T23:00:00,28.7,494,31.3,28.6,89,64.0
IOT0031,R0031,2026-07-29T23:00:00,21.2,546,42.0,19.1,111,64.9
IOT0032,R0032,2026-07-29T23:00:00,24.3,977,38.8,25.7,135,62.8
IOT0033,R0033,2026-07-29T23:00:00,26.6,375,24.9,26.4,94,64.6
IOT0034,R0034,2026-07-29T23:00:00,26.0,330,77.1,26.0,139,67.1
IOT0035,R0035,2026-07-29T23:00:00,22.9,357,33.7,22.9,131,61.5
IOT0036,R0036,2026-07-29T23:00:00,25.5,613,22.8,23.3,117,64.4
IOT0037,R0037,2026-07-29T23:00:00,21.4,660,42.1,20.3,108,62.8
IOT0038,R0038,2026-07-29T23:00:00,26.8,328,30.4,26.8,139,62.0
IOT0039,R0039,2026-07-29T23:00:00,24.8,345,77.3,24.4,118,62.7
IOT0040,R0040,2026-07-29T23:00:00,23.4,1130,24.6,24.4,115,65.7
IOT0041,R0041,2026-07-29T23:00:00,23.2,349,31.8,24.2,125,60.9
IOT0042,R0042,2026-07-29T23:00:00,22.5,375,74.7,20.7,142,61.2
IOT0043,R0043,2026-07-29T23:00:00,22.5,663,30.9,22.2,123,62.5
IOT0044,R0044,2026-07-29T23:00:00,21.7,385,24.9,21.7,122,67.5
IOT0045,R0045,2026-07-29T23:00:00,21.8,285,24.9,20.7,118,64.6
IOT0046,R0046,2026-07-29T23:00:00,27.0,589,62.3,28.7,117,67.1
IOT0047,R0047,2026-07-29T23:00:00,26.5,809,29.2,27.2,135,63.3
IOT0048,R0048,2026-07-29T23:00:00,24.6,293,22.9,23.1,122,60.8
IOT0049,R0049,2026-07-29T23:00:00,28.5,1287,49.2,25.8,104,64.0
IOT0050,R0050,2026-07-29T23:00:00,24.3,625,22.8,24.2,119,59.1
